smiles,logP,penalized_logP,qed,3pbl_docking,SA
CCNC(=O)CS(=O)(=O)c1ncc[n-]1,-1.0513999999999997,-3.3605062245859365,0.6930757250894485,-5.1,3.9561376707123808
CC(C)(C)n1cc(NC(=O)c2ccc(-n3ccnc3)nc2)cn1,2.4711,0.7758329821405265,0.8058805610466019,-7.4,2.5548964593643646
O=C(CN1CCO[C@H](c2ccccc2)C1)N1CCCc2ccccc21,3.0393000000000017,1.1679287377674226,0.8636100666326425,-9.5,2.558484868426561
O=C(N1CC[C@@H]2OCCC[C@H]2C1)C1(c2ccc(F)cc2F)CCCC1,3.8041000000000023,0.7426686968013068,0.8126559871597667,-9.4,3.3587133580961757
C=CCN(Cc1cccs1)C(=O)N[C@@H](C)C(=O)N1CCCCC1,2.846700000000001,0.7025191755205473,0.8128794901618117,-7.4,2.8347772817630137
Nc1nc(Cl)cc(Sc2nnnn2C2CCCCC2)n1,2.3551,0.5070528678856476,0.8690627808896639,-7.8,2.711681047380827
COc1ccc(-n2c(S[C@@H](C)C(=O)Nc3c(C)cccc3C)nnc2-c2ccncc2)cc1,5.074040000000004,2.4463036589070386,0.3885163245595154,-6.8,2.676270793895222
Cc1ccccc1-c1nnc(S[C@@H](C)C(=O)Nc2ccc(Cl)cc2)o1,4.817720000000003,2.562118200210074,0.6492862538332168,-8.8,2.4303692583419387
O=C(Nc1cccc(F)c1)N[C@@H]1C=C[C@@H](C(=O)[O-])C1,0.6417999999999995,-1.7641603210140844,0.7851926138286418,-7.7,3.609681856445502
Cc1cc(C)cc(C(=O)NC(=S)Nc2sc3c(c2C(N)=O)CCC3)c1,3.079340000000001,1.483306072414831,0.7220894418563937,-8.8,2.3185823398555723
Cc1cc(C[NH+]2CCC[C@H]3CCC[C@@H]32)ccc1-n1cncn1,1.9231199999999995,-1.9704367611450284,0.9392743309810828,-8.3,4.527888552279912
N#Cc1cc([N+](=O)[O-])ccc1NCc1ccon1,2.06658,0.4792662237794215,0.6514358843069743,-6.8,2.5668814893403322
CCN1C(=O)/C(=C\c2ccc(OCC(=O)Nc3ccccc3)c(OC)c2)NC1=S,2.7902000000000005,1.3899853768778143,0.5388209797222382,-8.4,2.228116891502463
Cc1nc(COc2ccc(CN3CCNC(=O)C[C@H]3c3ccccc3)cc2)no1,3.020220000000002,-2.668984132969056,0.694586059930076,-9.5,2.8463748702686384
C[C@@H](NC(=O)N(C)Cc1ccc(Cl)s1)[C@@H]1CCCO1,3.110400000000002,0.4084310375501591,0.928298241276984,-6.3,3.23376400448614
CCc1c(C)nc(N[C@@H](C)CC)n2c(=O)[nH]nc12,1.4988199999999996,-0.9629586812977212,0.8606778687173992,-5.9,3.439993222185999
CCOc1c(CNC(=O)[C@H]2CCCC[C@@H]2C(=O)[O-])cccc1OC,1.2663999999999995,-0.814499609599149,0.8110898750059559,-7.9,3.1807621187912964
Nc1c(C(=O)Nc2ccccc2[N+](=O)[O-])sc2[nH+]c(N3CCOCC3)c3c(c12)CCCC3,3.1735000000000024,0.3666531950113399,0.4607691707895378,-8.9,3.3053719430648334
C[NH+](C)[C@@H]1CCC[C@@H](NC(=O)NC2CCN(S(=O)(=O)C3CC3)CC2)C1,-0.3020999999999962,-2.991771518442928,0.618660247502204,-7.9,4.084668625654704
Cc1ccccc1[C@@H]([NH2+]CCCS(C)(=O)=O)C1CC1,1.4442200000000005,-1.345823942420596,0.7695177265130786,-7.1,3.727744026278197
O=C(Cn1c(=O)oc2ccccc21)NC[C@@H](c1ccco1)[NH+]1CCCCC1,1.1138,-1.7823191775605844,0.6811859313906696,-8.9,3.899658828278314
Cc1ocnc1CNC(=O)c1c(F)cccc1Cl,2.70552,1.0078199295104773,0.93111819117321,-7.1,2.497769579838069
Cc1ccc2nc(CNc3cc4c(cc3Cl)OCCO4)cc(=O)n2c1,3.03962,1.2842880711483673,0.7801500583732441,-9.4,2.4615570054074123
C[C@@H](OC(=O)c1cc[nH]n1)C(=O)N1c2ccccc2Sc2ccccc21,3.784500000000002,0.8969688290078395,0.7149989106447762,-7.3,3.2185214834599423
Cc1nc(NC(=O)[C@](C)(N)C(F)(F)F)ccc1Br,2.3707200000000004,-0.18044715059892,0.8767220112038319,-6.8,3.2945673263427118
C=C(C)COc1cccc2c1N[C@H](c1ccc(O)c(OC)c1)[C@H]1CC=C[C@H]21,5.182200000000004,1.4659619385244265,0.7186302332066437,-7.4,3.5574457899904255
Cn1cc(C[NH+]2CCC3(CC[C@H](CNC(=O)c4ccccc4)O3)CC2)c2ccccc21,2.704800000000001,-1.0230701599297598,0.6694066211598538,-9.9,4.192343150597496
Cc1nn(-c2ccc(F)cc2)c(C)c1C(=O)OCC#N,2.3086200000000003,1.0822663978111122,0.8046452911968944,-6.8,2.204541529657172
O=C(Nc1ccc(F)cc1)NC1CCN(C(=O)CCc2nc(-c3ccccn3)no2)CC1,3.016000000000002,1.4456014759709708,0.6117068126909138,-9.0,2.313171171676334
CCCC[NH2+]Cc1ccccc1C1CC1,2.4275,-0.0337582766927566,0.6853963348292221,-6.9,3.205200023991752
O=C(Nc1cccc([N+](=O)[O-])c1)C(=O)N1CCO[C@@H](c2ccccc2)C1,2.1334,0.4426307562095616,0.5162028844006294,-9.1,2.6363635375139953
CC(=O)N1CC[C@H](C[NH+](C)Cc2cc(F)c(F)cc2F)C1,0.987,-2.09232472767113,0.8242881643173072,-7.4,4.08456211886992
CCc1cnc(NC(=O)[C@@H]2CCC(=O)O2)s1,1.3496,-0.5857193186110534,0.8096505811299117,-6.4,3.0382638539599984
Cc1nn(-c2ccccc2)c(Cl)c1C(=O)NC12CC3CC(CC(C3)C1)C2,4.532720000000004,-5.90386820265329,0.8632999046930759,-9.7,3.523568880082763
C[C@@H](C(=O)N1CCCC1)N1CCN(C(=O)c2cc3ccccc3n2C)CC1,1.947,0.3268938595903649,0.8320255312365543,-8.3,2.6244270347553815
C[C@@H]1CO[C@H](CO)CN1Cc1c(Cl)nc2sccn12,1.6307999999999996,-1.2319804170805542,0.936058225782955,-6.5,3.741365552623537
CC[S@@](=O)[C@H]1CCCC[C@@H]1NC(=O)Nc1ccc2c(c1)OCO2,2.616600000000001,-0.2318350638783299,0.8846489303531444,-8.3,3.480619341385977
CCc1nn(C)cc1NC(=O)[C@H]1CCCN1c1ncnc2sccc12,2.5947000000000005,0.0347605266727772,0.7775333123589326,-5.3,3.24536584555754
Cc1c(C(=O)N(C)C2CCCCC2)sc2ccccc12,4.614420000000004,2.796085060088348,0.7892764690957262,-7.4,2.116727941140427
C[C@@H](C(=O)NCc1cccc(OCC(F)F)n1)N1CC[NH+](C)CC1,-0.4394999999999978,-2.9597877227929983,0.7048689712676034,-7.6,3.977973762395025
Cc1ccnc(SC[C@@H]2Cc3ccccc3S2)n1,3.594120000000002,0.873610957401916,0.6307685814537679,-7.4,3.1271675535150454
CC1([C@@](C)(NCc2cccs2)C(N)=O)CC1,1.8818,-0.7458394313150145,0.8226587180440401,-5.8,3.481773907627261
C[C@H](CNC(=O)c1ccc(-c2cnco2)cc1)Oc1ccc(Cl)cc1,4.192300000000003,1.9647466829901443,0.7187808641030284,-8.4,2.5647889224806164
C[C@@H](OC(=O)c1cc(-c2ccccc2)nn1-c1ccccc1)C(=O)c1c(N)n(C)c(=O)n(C)c1=O,1.9470999999999992,-0.0301463579369532,0.3344115617595227,-7.6,2.922473121020344
Cc1ccc(CN2CC[NH+](Cc3ccc4c(c3)OCO4)CC2)c(C)c1,1.9328399999999997,-0.4147944577685902,0.9219086776872496,-9.5,3.23519981362659
COCC1CCN(C(=O)Nc2ccc(-n3ncn(C)c3=O)cc2)CC1,1.4612999999999996,0.1897201495345866,0.9095549258694472,-8.1,2.4561147248006954
COc1ccc(CC(=O)N/N=C\c2cccs2)cc1OC,2.458100000000001,1.3714210475152513,0.6585465064026071,-7.1,2.050245928124477
C[C@H]1CCCN(/C(=C/C#N)c2ccccc2)C1,3.282980000000002,0.9777843519382584,0.7235116082772494,-7.0,2.85906290236745
COC[C@@H](C)NC(=O)C(=O)Nc1ccc(C(C)=O)cc1,0.9787999999999996,-0.0134075211114014,0.6208433959124782,-6.7,2.3447111740031037
C[C@@H](CO)[NH2+][C@@H](c1ccc(F)cc1)C1CCCC1,2.0012,-1.1066494254070445,0.8260411590937151,-7.3,3.8524285660109943
CC[C@H](C)NC(=O)CSc1nc2ccccc2c(=O)n1-c1nc[nH]n1,1.5105999999999995,-0.6418481522706281,0.511047677962596,-7.0,3.1788513818522297
CC(C)CC(=O)C1=C([O-])C(=O)N(CCc2ccccc2)[C@@H]1c1ccc(O)cc1,2.7478000000000007,0.4088887465819272,0.8033004941080739,-7.6,3.022258544576104
COc1ccc(F)c(N2C(=O)CNC(=O)[C@@H]2C(C)C)c1,1.3217,-0.4660617491737186,0.9081967017214896,-6.9,2.922152199644131
CCN(CC)S(=O)(=O)c1ccc(N2CCCCS2(=O)=O)cc1C,1.95552,0.4920304323544411,0.8043135205841164,-7.2,2.4915638424527415
Cc1cccc(CN2CCN(CN3C(=O)C(=O)c4ccc(N5CCCC5)cc43)CC2)c1,2.899820000000001,1.370242393143082,0.6990983917540994,-7.3,2.30842062667932
CNC(=O)CC[NH+]1CCOc2c(O)cc(-c3csc4ccccc34)cc2C1,2.1873000000000005,-4.628507610677791,0.6472045360422625,-9.2,3.9968379084970245
O=C(Cc1csc(-c2cccs2)n1)NCCn1ccc2ccc(F)cc21,4.324300000000003,2.223992535709846,0.5371516975143525,-8.8,2.4252776676013124
Cc1ccccc1-n1c(S[C@@H](C)C(=O)N[C@](C)(C#N)C(C)C)nnc1-c1ccncc1,4.172800000000003,1.1514474788994475,0.5606779577714814,-7.4,3.2322193586167414
Cc1cc(C)c2c(c1)/C(=N/NC(=O)Cn1ccc(C(F)(F)F)n1)CCC2,3.3755400000000018,1.1648249939890662,0.8491676062553738,-9.0,2.7568506433098143
O=C(CSc1nncs1)Nc1c(Br)cc([N+](=O)[O-])cc1Br,3.7021000000000015,1.541730059949037,0.4206260064322359,-6.8,2.6324226655250076
O=C([C@H]1CCC(=O)N1S(=O)(=O)c1ccccc1)N1CCCCC1,1.3787999999999998,-0.0140874733874192,0.8356032092391091,-7.8,2.578178228508577
N#CCCN(Cc1ccc(N2CCCC2)[nH+]c1)CC1CC1,2.22658,-0.4769124318587684,0.7714221979157839,-7.0,3.4580736330425097
C[C@H]1CN(CC(=O)N[C@H]2CCC[C@@H](C)[C@H]2C)C(C)(C)CO1,2.4266,-0.8263336168562658,0.8694671209396104,-6.6,3.866164031294188
COc1ccc(C[NH+](C)CC(C)(C)O)cc1O,0.1864000000000002,-2.445879735432776,0.6883142137348659,-5.7,3.913492729682991
C[C@@H]([C@@H](C)C(=O)NN)[NH+]1CCC[C@@H]1CCCO,-1.1792999999999976,-5.072499482464281,0.2697217885225734,-5.8,5.310507658078389
C/C=C/C=C/C(=O)NC[C@H]1CN2CCCC[C@@H]2CO1,1.4881999999999995,-1.0903811201663671,0.6176642411059634,-7.3,3.540157254255238
CC1CCC2(CC1)NC(=O)N(CC(=O)O[C@@H](C)C(=O)N(C)c1ccccc1)C2=O,2.0817999999999994,-0.463339747158249,0.601988696375625,-8.3,3.3624477941291726
CC[C@@H](Oc1cccc(OC)c1)C(N)=O,1.3379,0.2778943989835076,0.7955154743921324,-6.4,2.3106744636444763
C[NH2+][C@](C)(CCSc1ccncc1)C(=O)[O-],-0.7343999999999997,-3.478622435398991,0.6653230989014943,-5.6,4.2392910567572
C[C@H]1CCCN(C(=O)Cn2nc(Cc3cccnc3)c3ccccc3c2=O)C1,2.6408000000000005,0.6807437007189625,0.7019980154644312,-8.4,2.733066171137576
CCOc1ccc([C@@H]2C[C@H](c3cccnc3)Nc3nnnn32)cc1,2.6130999999999998,-0.2099719530897595,0.795369733407385,-8.2,3.46033438961486
Cc1cc(NC(=O)N2CCO[C@H](c3ccc(Br)cc3)C2)no1,3.350920000000001,1.1444945645903926,0.8852954387358314,-7.7,2.7594835709632584
CN(C(=O)CSc1nnc(-c2ccc(Cl)cc2)n1C[C@H]1CCCO1)[C@@H]1CCS(=O)(=O)C1,2.5151000000000003,-0.0543464378734541,0.5570498893104456,-7.8,3.2733880283191334
Cc1n[nH]cc1C(=O)NNC(=O)c1ccnc(OC(C)(C)C)c1,1.365219999999999,-0.404380692963486,0.7407135557389892,-7.5,2.896012300446362
O=C(CNC(=O)c1ccc(Oc2ccccc2)cc1)Nc1ccc(-c2nnc3n2CCCCC3)cc1,4.832300000000004,-0.646513015312133,0.393933139517903,-5.9,2.213490200900166
CCOc1ccc(C(F)(F)F)cc1NC(=O)N(C)[C@H](C)CS(C)(=O)=O,3.000900000000001,0.771448233241574,0.8207079778826897,-6.8,2.8670314668593146
Cc1nc(CNC(=O)[C@H]2CCO[C@H]2C)sc1C(=O)[O-],-0.14378,-2.6878676570531086,0.8298834855841626,-6.6,3.9232103257990802
Cc1nc(C)c(C(=O)N2CCC(c3cc4c(C)cccc4cn3)CC2)o1,4.167860000000004,1.8494622170557495,0.6966463693537104,-8.8,2.6467758512100232
Cc1ccc(/C=C/C(=O)NNC(=O)COc2cccc(C)c2C)cc1,2.851460000000001,1.682621686206256,0.6506202503519296,-8.7,2.019549477934884
C[C@H]1CCCN(c2ccc3nccnc3n2)[C@@H]1C[NH3+],0.8715999999999999,-1.941144891564172,0.8675447169618546,-6.5,3.8911950164930005
O=C(NCCn1ncccc1=O)c1cc(C2CC2)on1,0.5386999999999991,-0.4718475478123921,0.858968157272401,-7.4,2.471080167861073
C#Cc1cccc(N(CC(=O)N2CCC[C@H](NC(C)=O)C2)C(C)C)c1,2.0098000000000003,-0.1495325304951784,0.833773576195801,-7.9,3.0586205278317866
COC(=O)CCn1c(=O)cc(C(F)(F)F)c2cn(C)nc21,1.3169,-0.2139919975507929,0.8021007762516726,-7.1,2.7089785105420603
CCOc1ccc(C(=O)/C=C/Nc2cc(C)cc(C)c2)cc1,4.510640000000003,2.7763463286861247,0.6291476873352404,-8.3,2.072776210784772
CCNc1cc(C[NH+]2CCC(CC)CC2)ccc1[N+](=O)[O-],2.2315,-0.7423532186691071,0.6242115125186337,-7.3,3.682476736468675
COc1ccccc1C(=O)Nc1ccc(OC(F)F)c(F)c1,3.6880000000000015,2.537759926166621,0.9158965493519686,-8.3,1.7929205829118509
COc1ccc(Nc2ccccc2NC(=O)c2cc(OC)cc(OC)c2)cc1,4.708300000000003,3.1953200269319924,0.6232092932575736,-6.8,1.8381856215857404
Cc1nn(CC(=O)c2cccn2C)c(C)c1[N+](=O)[O-],1.62954,0.2169048320115421,0.4760068702384542,-6.0,2.5313837851534764
Cc1cnn(Cc2nc(Cc3ccccc3C)no2)c1,2.5220400000000005,1.0885577916353952,0.7292565187113734,-7.6,2.3235542569298993
C=CCOc1ccc(C(=O)C2=C([O-])C(=O)N(c3cc(C)on3)[C@H]2c2ccccc2F)cc1,3.272120000000002,0.4496707975403745,0.4192304520838439,-6.8,3.2935063517768324
CCc1nnc(N2C(=O)c3oc4ccc(Cl)cc4c(=O)c3[C@@H]2c2ccc(F)cc2)s1,4.749200000000003,1.9000031844041367,0.4582815719436952,-5.7,2.9430786421190884
CC[C@H](C)N(C)[C@@H](C[NH3+])c1ccco1,1.2929000000000004,-1.7855546778093954,0.7727673639847086,-4.9,4.006639974818148
O=C(CO)Nc1cccc([N-]S(=O)(=O)c2ccccc2Cl)c1,2.664900000000001,0.3686449323640395,0.8745333771764553,-8.0,3.007577833857627
Cc1ccc(C)c(N2C[C@@](O)(c3ccc(F)cc3)[N+]3=C2SCCC3)c1,3.613240000000002,0.7062856454611981,0.8319122529051487,-6.9,3.277950840140421
Cc1ccc(/N=C2/C=C([O-])[C@@H](NO)c3ccccc32)cc1,2.3935200000000005,-0.3709906287316464,0.8293992793916876,-8.0,3.4668713067361434
Cc1ccc(-c2ncco2)cc1NCc1ccccc1OCC(=O)N(C)C,3.729120000000002,1.9248040280366043,0.6909506672016543,-8.1,2.328439248551309
Cc1[nH]c2ccccc2c1/C=C1\C(=O)N(c2ccccc2)C(=O)N=C1O,3.9830200000000016,1.815691477075447,0.6888441338683224,-7.2,2.567338221272392
CC[C@H](NC(=O)NC[C@@H](C)c1ccc(F)cc1F)c1c(C)nn(C)c1C,3.8691400000000034,0.84768234445155,0.8174467109841607,-8.0,3.3089378201744015
COc1ccc(N2CCN(S(=O)(=O)c3c(C)noc3C)CC2)cc1,1.81094,0.9241228569769098,0.8361673567575783,-7.7,2.046755421670845
C[C@H]1CCN(C(=O)Nc2ccc(O[C@@H]3CCOC3)cc2)[C@H](C)C1,3.5066000000000024,0.733249404770743,0.9276736560816988,-8.8,3.1933557050223405
CC(C)[C@@H](CNC(=O)Nc1cnc2ccccc2c1)N1CCOCC1,2.7131000000000016,0.774367807587667,0.8767165157149407,-8.6,2.697023537865233
C[NH+](CCS(C)(=O)=O)[C@H]1CCC[C@@H]1O,-1.540899999999997,-4.97579206963375,0.6059269784695176,-4.7,5.019253879298008
Cc1nc2cc(NC(=O)C(=O)N3CCCC3)ccc2o1,1.69712,0.6697561919101025,0.8022885377431225,-8.0,2.1927797630027737
CC(=O)N(c1ccc(F)cc1)c1nc(/C=C/C(=O)c2ccc(F)cc2)cs1,5.002000000000002,2.767098033193552,0.4593441583947333,-9.3,2.36658871487446
C[C@@H](Nc1ccc(C#N)c(C(F)(F)F)c1)c1ccoc1,4.343180000000003,1.561824513350024,0.9091827755623728,-7.6,2.9889198453317753
CN[C@]1(C(=O)OC)CC[C@@H](N2CCC[NH+]3CCC[C@@H]3C2)C1,-0.5768999999999973,-8.092480359485545,0.6844740797101946,-7.0,5.278437472589733
C[NH2+]CC[C@H]1CCCCN1c1nc2ccc(C)cn2n1,0.9799199999999996,-1.8612154960920892,0.9039924628265654,-7.2,3.8875546753293637
Cc1ccc(-n2c(S[C@H](C)C(=O)NC3CCCCC3)nnc2N2CCCCC2)cc1,4.495520000000004,1.9959563894434724,0.6881053674642647,-7.4,2.715290631509008
O=C(NCCc1ccncc1)c1cc2cccnn2n1,1.0967999999999998,-0.1993824993546439,0.7679072064843839,-7.9,2.56863235340969
CCOC(=O)[C@@H](CN=[N+]=[N-])Nc1ccc(F)cc1,2.4796000000000005,0.3491247090015016,0.3648882210467508,-6.2,2.915978804603581
Cc1cc(N2CCN(C(=O)NCC[NH+](C(C)C)C(C)C)CC2)nc(C(C)C)[nH+]1,0.8608200000000026,-2.167286568922428,0.7233156441732974,-8.1,4.073657544662662
CC(=O)N[C@@H](C)C(=O)N1CCN(C(=O)C(c2ccccc2)c2ccccc2)CC1,2.0139,0.5025148936232233,0.8449455992857611,-6.8,2.516805140658221
O=Cc1ccc(Sc2nnc(-c3ccccc3)o2)c([N+](=O)[O-])c1,3.608500000000001,1.832676556292036,0.400718483138021,-8.2,2.3350985142325733
O=C(Nc1ccccc1)C1CCN(C(=O)c2ccc(-c3nc4ccccc4s3)o2)CC1,5.047200000000004,3.0457703232693003,0.4907671198605239,-8.7,2.160324836315837
COC(=O)[C@]1(F)CCN(C(=O)c2ccc(OCCC(C)C)cc2)C1,2.838700000000001,0.6892398321105984,0.7491917278426837,-7.5,2.841202308475811
CC[C@H](C)C[C@H](C)NC(=O)N(C)[C@@H]1CCN(CC(F)(F)F)C1=O,2.615700000000001,-0.5936924394435688,0.8099549135271451,-7.2,3.782103607120245
O=C(N[C@@H](CO)c1ccccc1F)c1cn(-c2ccc(F)cc2)nn1,2.0089,0.2866983756494136,0.7419759198950596,-8.6,2.6940156288728154
O=C1NC2(CCN(C(=O)[C@@H]3CC(=O)N(C4CCCCC4)C3)CC2)Nc2ccccc21,2.341799999999999,-0.5257805342295423,0.7842034268222915,-10.7,3.5659459570702765
CCCC[C@H](NS(=O)(=O)c1cccc(Br)c1)C(=O)[O-],1.0361,-0.6514296124966408,0.7968590331346658,-6.4,2.9105710189687635
Cn1ncnc1CCNC(=O)N[C@@H](c1ccccc1)C(C)(C)C,2.4442000000000004,0.413936304329044,0.8899755246026143,-7.6,2.8412750554316535
CC[C@H]1CCCCN1C(=O)[C@H](C)OC(=O)c1ccc2nc(C)c(C)nc2c1,3.5830400000000022,0.9977497895843348,0.7703722131906088,-8.0,3.0171092376037087
CCC(=O)N1CCC(Cc2cc(NC3CCCC3)nc(C)[nH+]2)CC1,2.749720000000001,0.1081421959999888,0.9023476610570976,-8.2,3.274381298973296
Cc1cc(NC(=O)C[NH+]2CCN([C@H](C)C(=O)c3c[nH]c4ccccc34)CC2)no1,0.874720000000001,-1.908851049149572,0.5377300428765804,-9.5,3.8660590026352093
CC(C)[NH+]1CCN([C@H](C)C(=O)N2CCC[C@H](C(N)=O)C2)CC1,-1.292299999999996,-3.8080353271188256,0.6784487305416577,-6.8,4.189384325260136
[NH3+][C@H](COc1ccccc1)[C@@H]1CCOC2(CCCC2)C1,2.4153,-1.1419217501573489,0.9176926104577542,-7.9,4.1229763272133795
O=C(C[C@H]1CCS(=O)(=O)C1)NNC(=O)c1ccc(-c2ccccc2F)s1,2.140000000000001,0.1337048874996303,0.7747747977579199,-9.1,2.8980377237128394
C[C@@H](C[C@@H]1CCCC[NH2+]1)[NH2+][C@@H]1CCCCC[C@H]1C,1.4131000000000016,-7.04339768466,0.7115194294105067,-7.2,5.561542236729361
CN(CC(C)(CO)CO)c1cc[nH+]c2ccc(Cl)cc12,1.7343999999999995,-1.337675661597906,0.8831818481682888,-6.4,3.889900410776053
O=C(NNC(=S)Nc1ccccc1C(F)(F)F)C1[C@H]2CCCC[C@@H]12,3.459200000000002,0.7609702443857922,0.56049805785702,-9.1,3.3156132282627198
C[C@H](NC(=O)Cc1c[nH]c2ccccc12)c1ccc(Cl)s1,4.302700000000002,2.0368012034320024,0.739715094685174,-8.3,2.568932075966913
Cc1ccc(C(=O)Nc2cccc(Cl)c2N2CCCC2)cc1Cl,5.154320000000003,3.4304860218769173,0.8306808603413632,-8.1,1.9016093587726495
COc1ccc(Cl)cc1NC(=O)/C(C#N)=C\[C@H]1C=NN=C1c1ccc(C)cc1,4.150400000000003,1.0343247057567606,0.6120467196089688,-7.7,3.316928337101009
CCC[C@@H](O)CNC(=O)N[C@@H](C)c1cnn(C)c1,0.9413,-0.970920225373516,0.7066278242415454,-6.3,3.1220225636100336
CN(C[C@@H](O)C1CC1)C(=O)[C@@H](Sc1ccccc1)c1ccccc1,3.7493000000000025,1.1388616030135408,0.7798962908850348,-7.1,2.996141192877877
CN(C(=O)CCCCC(=O)[O-])C1CC[NH+](C)CC1,-1.5677999999999963,-3.9865689330347625,0.5841541555546379,-5.9,4.177979947185008
COC[C@H](N[C@@H](C)c1ccc(-n2cncn2)cc1Cl)c1ccccc1,3.959000000000003,1.1740030722374513,0.6958324642073029,-7.7,3.0889095119423278
CCOCC(=O)Nc1ccc(S(=O)(=O)/N=C(/C)[O-])cc1,0.1289999999999995,-0.8257943528892435,0.5930315051388161,-7.0,2.5279388723145146
Cc1ccc(NC(=O)NC[C@@H](O)CO)cc1Cl,1.12312,0.0604888665600644,0.6533631953097514,-6.8,2.3670669771746304
CO[C@@H]1C(=O)C(C(C)=O)=C(O)[C@]2(O)C(=O)c3c(cc4cccc(O)c4c3O)C[C@@H]12,1.3358999999999996,-1.857448805907725,0.5554422098465814,-8.2,4.091679939099588
CN1CCCc2cc(NC(=O)CCc3cccs3)ccc21,3.701800000000003,2.19190754939769,0.9334574814740864,-8.3,2.0896060416175413
CCOc1ccc(CNC(=O)N2CC[C@@H](C)C[C@H]2C)cc1OC,3.4239000000000024,1.1684224517328785,0.9041387731020522,-7.6,2.7820057410472128
CSc1ccccc1NC(=O)c1cn2c3c(cccc3c1=O)C[C@@H]2C,4.092800000000002,-15.768087089722329,0.7239036359265673,-8.3,2.7902288466409626
CCCc1nc2c3cc(OC)c(OC)cc3n(Cc3ccc([N+](=O)[O-])cc3)c(=O)n2n1,2.970400000000001,1.17719122738741,0.3315464848925116,-6.0,2.5106373906050496
CCC[C@@H](O)c1ccn(CC(=O)Nc2ccc(Cl)cc2)c1,3.6137000000000015,1.3913575983417534,0.8562559260886734,-7.5,2.706453601390642
Cc1ccccc1CN(C)C(=O)c1c(-c2c(F)cccc2Cl)noc1C,5.023140000000003,2.9171028376860404,0.6453570403967173,-7.4,2.253702566386739
CCc1nc2n(n1)CCC[C@@H]2NC(=O)CCCc1ccc2c(c1)CC(=O)N2,2.3091,-0.1450269693892246,0.8199103053811424,-9.3,3.229127257609452
O=C(Nc1nc(CC(=O)N2CCCCCC2)cs1)c1ccco1,2.9335000000000013,-1.884314216183106,0.933224667679721,-8.1,2.1409921265903655
C[C@@H]1CCN[C@H](C2CC2)C[NH+]1Cc1ccc(O)cc1,0.9375000000000002,-6.123543471815125,0.7572184617223149,-7.6,4.516908931517081
O=C([O-])CC1(NS(=O)(=O)C[C@H]2CCCO2)CCC1,-0.8524999999999987,-2.934746565114251,0.6813386674852004,-6.5,3.7166054670839586
C=CC1CC[NH+](Cc2ccccc2OCCOC)CC1,1.6926999999999996,-1.0195743928603411,0.6048706660974486,-7.3,3.6001314452588105
O=C(Nc1ccc2oc(-c3ccccc3F)nc2c1)c1ccco1,4.479200000000002,2.7899405930576657,0.6036505265259121,-9.5,2.043124452341667
O=C(c1cccc(O)c1)N1CCN(c2ncc(C(F)(F)F)cc2Cl)CC1,3.421800000000002,1.8757296740634288,0.8602625541766824,-7.8,2.190460258694431
COC(=O)c1c(NC(=O)[C@H]2[C@@H]3C=C[C@@H](CC3)[C@@H]2C(=O)[O-])sc(C)c1C,1.66834,-2.3591709653375417,0.6492206761554385,-7.5,4.703983024733377
Cc1cc(C)n(-c2cncc(N3CCOC[C@@H]3CC(C)C)n2)n1,2.5304400000000005,-0.0152314002110594,0.8675867012119909,-7.2,3.249674086496743
Cc1ccc(C(=O)N(C)Cc2ccsc2)n1C,2.6672200000000004,1.0683315526810415,0.8195005289218709,-6.1,2.4249660908421937
CC(C)N(CC(N)=O)C(=O)c1sc(-c2ccccc2)nc1-c1ccccc1,3.8130000000000015,2.120851250893577,0.7073858905419863,-5.8,2.213656123781341
O=C(Cn1c(=O)n(-c2ccccc2)c(=O)c2sccc21)Nc1ccc2c(c1)OCCO2,2.6238,1.1477513351831317,0.5321684794849438,-8.4,2.333400626679321
N#C[C@@H]1C(=O)N=C2C(=C1c1ccccc1Cl)CCc1ccccc12,4.209080000000003,1.1111057436263605,0.7851182204410957,-7.3,3.2870127979863
O=S(=O)(NCc1ccccc1OC(F)F)c1ccc2ccccc2c1,3.9197000000000015,2.47832345190115,0.7221886876133891,-9.3,1.9774336847140201
CC[C@H](C)c1ccccc1O[C@H](C)C(=O)Nc1cccc(N)c1,4.188300000000002,1.8633453003350675,0.7861319051223897,-7.9,2.647090116047213
CC(C)[C@H]1CN(Cc2ccccc2C(F)(F)F)CCO1,3.5622000000000025,1.3332655665844315,0.8425237106435041,-7.7,2.724951733443664
Cc1ccc(SCc2cn3c(C)cc(C)nc3n2)cc1,3.946860000000002,2.0399509894666124,0.6818453303066742,-8.0,2.3591157953914372
O=C(NCCC1=c2ccccc2=[NH+]C1)C1=CNN(c2ccc(F)cc2)[C@@H]1n1cccc1,0.1055000000000014,-2.848343706623337,0.5345244856990007,-9.8,4.2022875860179525
Cc1ccccc1[C@@H]1C[C@H]1C(=O)N(C)[C@@H]1CCCC[C@@H]1S(C)(=O)=O,2.912720000000001,-0.2598090981772149,0.8397236022894318,-8.2,3.676382180623107
CCC(CC)NS(=O)(=O)c1ccc2c(c1)CCC(=O)N2,2.0382,0.7472247892743737,0.8727799905974364,-7.3,2.326717473713117
CC[NH+](CC)Cc1ccccc1C/[NH+]=C(/N)N1CCOCC1,-1.6611999999999945,-3.951864345969133,0.4355044136813412,-8.0,4.094633247296647
c1ccc(-c2cc(CSc3ncnc4sccc34)on2)cc1,4.638600000000002,2.494242665060145,0.4040224183996745,-8.3,2.3827261543895535
COc1ccc(C2CC(=O)N(c3ccc(Cl)cc3)C(=O)C2)cc1OC,3.794400000000003,2.3874880005454986,0.7791382907164351,-8.5,1.9802896977151043
Cc1ccc(S(=O)(=O)[N-]/[NH+]=C(/[S-])Nc2c(Cl)cccc2Cl)cc1,2.3748200000000006,-0.4181016778546739,0.3645354678169158,-7.0,3.495302410336471
CCOc1cc(-c2ccccc2)sc1C(=O)NCc1cccc(C(N)=O)c1,3.8427000000000007,2.314104968022523,0.6532890305580165,-9.5,2.0696582295702886
CCC(C)(C)c1ccc(OC(=O)C[C@@H]2CCS(=O)(=O)C2)cc1,3.104400000000002,0.8661720233810968,0.6166303142867112,-7.5,2.848237197336884
CCOC(=O)c1s/c(=N/C(=O)CC2(Cn3cnnn3)CCCCC2)[nH]c1C,2.0159199999999995,-0.6121266038438624,0.7521220478406954,-7.6,3.4482676201796805
CCC[C@]1(c2ccccc2)NC(=O)N(CC(=O)Nc2ccc(C(=O)NC)cc2)C1=O,2.2321,0.5075406532424616,0.6107652320891679,-9.1,2.6396573234377687
C[C@@H]1CCN(c2cc3c(cc2Cl)[C@H](O)C(=O)N3)C1,2.1717000000000004,-0.4184691437337626,0.8191404852408928,-7.1,3.377342701757601
CC[C@@H](O)c1cnn([C@H]2CCO[C@]3(CCSC3)C2)c1,2.553700000000001,-1.827325097992732,0.9253110208880084,-6.7,4.775601233205671
Cc1cc(C)nc(SCCOc2ccccc2Cl)n1,3.9179400000000033,2.428167406742584,0.4755433265719075,-6.8,2.0182694563450294
C=CCCCCc1ccccc1,3.5854000000000026,2.735706433216303,0.4559106437127489,-5.9,1.5679745284408035
C[C@H]1CCC[C@H](C[NH+]2CCC(N3CCCCC3=O)CC2)C1,1.8724999999999992,-1.808484539942804,0.8440850597790677,-8.4,4.363248838190289
C[C@@H](CC(=O)N(C)c1ccccc1S(C)(=O)=O)C(C)(C)C,3.125200000000002,0.7793553668774715,0.8581833324711398,-5.7,2.932805665710502
COCC(=O)Nc1cccc(NCc2ccncc2)c1,2.2786,1.5070034074155596,0.8457449069058749,-7.3,1.8325744160810924
CC(=O)Nc1cccc(N[C@H](C)C(=O)NC[C@H](C)c2ccccc2)c1C,3.673720000000002,1.380164973177561,0.7111237172853514,-8.9,2.7507416113831926
C[NH+](C)[C@@H]1CC[C@@H](NC(=O)N2CCN(C(=O)c3cccs3)CC2)C1,0.2811000000000019,-2.269405767489485,0.8219679358612909,-7.9,3.821345491520411
CCOc1cccc([C@H]2C[NH+]=C(N)N2C(C)C)c1,0.2457000000000007,-2.0965444435578275,0.8026912555537411,-6.6,3.6564628046035814
C[NH+](C)C(C)(C)COc1cc(CCl)c2ccccc2n1,2.275500000000001,-0.2292738489130529,0.856303775373891,-7.4,3.279876634552277
CC[C@]1(C)C[C@H]([NH2+]CCc2ccccc2C)CCO1,2.44862,-1.1446732095672207,0.8663800892963976,-7.4,4.14467324493123
CC[C@H](CNC(=O)C(=O)Nc1ccc(F)cc1Br)c1ccccc1,3.836700000000002,1.7812693154962382,0.7589600525563706,-8.7,2.510872499478838
COc1ccc(F)cc1NC(=O)NCc1ccc2c(c1)OCCCO2,3.317300000000001,-1.464334380829238,0.8910898135179416,-9.5,2.0139416207920267
C[C@@H](CCc1cccc(F)c1)C(=O)N1CCC(CS(N)(=O)=O)CC1,1.9215,0.0780738066425544,0.8454914159600715,-8.8,2.8172463644198675
C[C@H](NC(=O)[C@H]1COc2ccccc2O1)C1CCCCC1,2.9114000000000004,0.6607768527004398,0.9304253689490012,-8.1,2.907287173625347
Cc1ccc(S(=O)(=O)N2c3ccc(C(=O)[O-])cc3C[C@H]2C)cc1,1.4984200000000003,-0.361112576480275,0.8542822389893283,-7.8,2.937456030706379
CO[C@H](CNC(=O)N1CC[C@@](O)(C(F)(F)F)C1)c1ccc(F)cc1,2.2219,-0.428297526703469,0.8189097412646215,-8.6,3.4147744229509716
CCN(Cc1cccc(C)c1)C(=O)CC[C@@H](C)O,2.5045200000000007,0.9291634072540054,0.8412144941733978,-6.2,2.4463847449489506
COc1ccc(C(=O)N(Cc2cccnc2)c2nc3ccc(Br)cc3s2)cc1OC,5.318000000000004,3.1466890780133383,0.3709160696173834,-4.6,2.233770454920659
COc1ccc(N2CCN(C(=O)Nc3ccccc3)CC2)cc1F,3.188400000000001,2.2218199246929577,0.9404956996952072,-9.3,1.7657144093411876
O=C(CN1C(=O)CNC1=O)N[C@H]1CN(Cc2[nH]cc[nH+]2)C[C@@H]1C1CC1,-1.2927999999999975,-4.170974792957056,0.555824381062567,-7.5,4.492004609450455
C[NH2+]C[C@H]1CCCCN1S(=O)(=O)N(C)CCS(C)(=O)=O,-1.7446999999999953,-3.831206235275502,0.6002113046157217,-5.6,3.9453134962091996
C=C(C)COc1cccc(NC(=O)C(=O)NC[C@@H]2CCC[C@H](O)C2)c1,2.2473,0.0647245785779544,0.5444836054111524,-8.9,3.018084402052219
NC(=O)NC[C@H]1CCCCN1C(=O)c1cc(F)c(F)c(F)c1,1.7669,0.0470748653355811,0.8341753056321333,-8.2,2.7531025819522696
O=[N+]([O-])c1cccc([C@H]2Nc3c(Br)cccc3[C@@H]3C=CC[C@H]23)c1,5.183800000000003,1.57649609094805,0.4494275786919366,-9.0,3.466124935791573
COc1cccc(-c2nnc([O-])o2)c1,0.8187999999999999,-0.4131153106050227,0.7021871408792986,-6.7,2.585149816461369
O=C(N[C@H](C(=O)[O-])C1CC1)c1ccncc1Cl,-0.0066999999999999,-1.6859201476411547,0.8184632434476508,-6.7,3.1667937330274736
CC(=O)Nc1ccccc1Cc1ccccc1,3.235800000000002,2.615009722831513,0.8532598763419239,-7.6,1.465154493928468
CN(Cc1cc([N+](=O)[O-])ccc1Cl)C(=O)Cc1ccc2c(c1)CCC2,3.9380000000000033,2.204933395423465,0.6003829453243873,-9.1,2.216261785627193
Cc1cccc(N2CCN(S(=O)(=O)CCNC(=O)c3n[nH]c4ccccc34)CC2)c1,1.7531199999999991,0.5707408587991991,0.6246072673091626,-9.8,2.308024479965381
CN[C@@]1(C#N)CCC[C@@H](Oc2ccc(S(C)(=O)=O)cc2)C1,1.89328,-0.5737078860390814,0.918637806193274,-6.8,3.3447961269670863
Cc1ccc(/C=N/N2C(=S)[NH+]=N[C@H]2c2cc[nH+]cc2)s1,1.0366199999999997,-3.5353890568437176,0.6801771790640532,-7.6,5.31784326949382
CCc1ccc([C@H](CO)NC(=O)c2cc(C)c(F)cc2F)cc1,3.2990200000000014,1.4191889772901456,0.8882246508430717,-8.3,2.5000032834536317
CCC[NH2+]C[C@H]1CCO[C@@H]1c1cccc(OC)c1OC,1.7547999999999992,-1.5556671514414668,0.7740245213374541,-6.5,4.083715265489108
Cc1cc(C)c2c(CC(=O)NNC(=O)c3ccc(F)cc3)coc2c1,3.1924400000000013,1.7092003447629196,0.7194455398570101,-9.3,2.1959020054074117
C[C@H](CC(C)(C)c1ccccc1)NC(=O)NNC(=O)[C@H]1CCCO1,2.2521999999999998,-0.0727163048096547,0.7232019965058155,-8.2,3.135646389744224
COc1cc(NC(=O)C(=O)N[C@@H]2CCC[C@H](C)[C@H]2C)c(OC)cc1Cl,3.236600000000002,0.6253706366268915,0.7997320542902016,-7.5,3.1261847535809704
COc1cccc(-c2cc(C(=O)N3CCC[C@@H]3c3cc(C(C)C)no3)on2)c1,4.438900000000004,1.5995168541251594,0.6498267567479787,-8.7,3.0131944617358677
CCC[NH2+]Cc1ccccc1OCC1CC1,1.9488,-0.3043793933308791,0.6982877233596505,-6.8,3.152339445247997
COc1ccc([N+](=O)[O-])cc1N[C@@H]1CCCCC1(C)C,3.9841000000000015,1.537166226315988,0.667903094311893,-6.9,2.800425859317789
COc1ccccc1NC(=O)[C@H]1CCCN(c2nc3ccc(F)cc3s2)C1,4.299100000000003,2.0977233730818154,0.7275723606395611,-9.8,2.515989979502942
CCNc1cc(C)ccc1C(=O)N[C@@H]1CCCC[C@@H]1O,2.460120000000001,0.5085747130802656,0.7913925871346356,-8.2,2.7715586865417396
CCCCNC(=O)Cc1c(C)nc(-c2ccccn2)[nH]c1=O,1.59912,0.423106414904969,0.7931760327798381,-7.4,2.341574721951025
Cc1n[nH]c(-c2ccc(NC(=O)C(=O)N3CC[C@H](O)C3)cc2)n1,0.3118199999999996,-1.277395327421353,0.6907900151314758,-8.1,3.011294441526328
C[C@H]([NH2+]Cc1cccc(O)c1)[C@H]1CCCO1,1.0230999999999997,-2.0287835648166297,0.7987896669259433,-7.1,4.052549476866527
O=C(C[NH+]1CCCCCC1)NCCSc1cn[nH]n1,-0.5280999999999987,-6.583500588504119,0.4849345954455353,-6.8,4.047447844623418
CCOc1ccc(NC(=O)c2cnn3c(=O)c4c([nH]c23)CCC4)cc1,2.1623,0.5957993992277368,0.7628836906728487,-9.2,2.5253550823304884
[S-]c1nnc(COc2ccccc2I)n1-c1ccccc1,3.356700000000002,1.2515763049582918,0.4905870754674395,-8.3,2.6734779205582733
Cc1ccc(C)c(CSCC(=O)N2CCCCC2)c1,3.549140000000002,2.246721330183985,0.8386158596834354,-7.6,1.9549720204475936
CCN[C@]1(C(=O)OC)CCC[C@H]1CC[NH+]1CCC(C)(C)C1,1.0127000000000008,-3.3651636147646604,0.7193022174616651,-6.4,5.161844722483088
CC(C)COc1ccc(C(=O)NC#N)cc1,1.93228,1.0056935823087625,0.6200946271632425,-6.1,2.049326097725954
C[C@H](NC(=O)CCSc1ccccc1Br)C(N)=O,1.9213,0.3465163911847703,0.7825149568179987,-6.8,2.5930861578217907
C[C@H]1C[C@@H]([NH3+])CN(c2ccc([N+](=O)[O-])cc2C(N)=O)C1,0.1504000000000011,-2.202234094011347,0.6045261068354326,-7.4,3.689183686541739
Cc1ccc(SCC(=O)OCc2nnc(-c3cccc(C)c3)o2)cc1,4.188940000000003,2.4820597038372587,0.4884275097518678,-8.9,2.131080082330488
CC(=O)N1CCC(C(=O)NCC(C)(C)CC(C)C)CC1,2.4334,1.064402461682039,0.8416991384646911,-6.7,2.292103894085196
O=C(c1ccccc1Cl)N1CCN(Cc2noc(-c3cccc(Cl)c3)n2)CC1,4.001400000000003,2.3813322535465806,0.6423517632692233,-10.0,2.1059528438079607
CCN(C(=O)CNc1cc(Cl)ccc1C(=O)N1CCCCC1)C1CCCCC1,4.559200000000004,2.587637241815405,0.7542894633425127,-7.6,2.2585479292780484
Cc1ccc(C(=O)NC[C@H](C)C#N)cc1Cl,2.5379000000000005,0.962474439538267,0.8769775549574079,-6.6,2.438018630346402
CN1C(=O)/C(=C/c2ccc(-c3nc4ccccc4s3)o2)SC1=S,4.387300000000002,2.2160577935959336,0.5022169672346134,-8.9,2.4685817310157923
CNC(=O)c1ccc(/C=C/C(=O)N2CCOC[C@H]2CC(C)C)cc1,2.3328999999999995,0.3644832034266256,0.8431582572308118,-7.9,2.817744600512132
CCOC(=O)[C@H]1C(=O)N(Cc2ccccc2)c2nc3ccccc3n2[C@@H]1c1ccccc1F,4.4909000000000034,1.5399788951022704,0.336797078963391,-5.0,3.0931621349289866
CCOc1ccc(C(=O)NNC(=O)c2cn(-c3ccccc3)nc2-c2ccc(C)o2)cc1,3.914220000000003,2.151789311763684,0.4520490339406767,-7.4,2.2467702708240314
O=C(Nc1cccc(N2CCCCCC2)c1)N1CCOC[C@@H]1C1CC1,3.7097000000000016,-2.04516919077621,0.909838651556559,-10.1,2.727184233334146
C=CCN(Cc1ccc(C#N)cc1)[C@H]1CCN(CC(F)(F)F)C1=O,2.709480000000001,0.1246312747770264,0.7500801637174879,-7.4,3.2371897210632223
O=C(N[C@H]1CCN2C(=O)c3cc(Br)ccc3NC(=O)[C@H]12)C1CCCC1,2.2906999999999997,-3.635298491576184,0.7913937757889361,-8.8,3.2281042844233703
COc1cccc2c1OC[C@H](NC(=O)[C@@H](C)NC(=O)C(C)(C)C)C2,1.6656999999999995,-0.4634150926118549,0.8779912142561387,-7.9,3.1202369081580716
CN(CCCOc1ccccc1)C(=O)Cn1c(=O)[nH]c2ccccc21,2.2570999999999994,1.1961853728060556,0.6715251241329037,-8.3,2.079466620792026
C[C@H](NC(=O)N[C@H]1CC[NH+](Cc2ccccc2)[C@@H](C)C1)C(=O)NC(C)(C)C,1.2248000000000012,-2.1988275072654644,0.6248365691052737,-8.6,4.311908753704526
CSc1ccccc1NC(=O)c1ccc(N(C)C)nc1,3.121800000000001,1.8604510407764656,0.8776118548510277,-7.2,2.028537223962866
COc1ccc(-c2ocnc2C(=O)Nc2ccc3c(c2)CCC3)cc1,4.091200000000002,2.3729331853199813,0.7802910106871963,-9.2,2.1652487071987707
CN1CCC[C@@H]2C[NH+](Cc3cccc(-c4cccnc4)c3)CC[C@@H]21,2.2476000000000003,-1.3653118694644653,0.9353973626024752,-8.8,4.211775890574131
COc1cccc(N/N=C2/C(=O)N(C(N)=S)N=C2c2ccc([N+](=O)[O-])cc2)c1,1.8614,0.2381898937668919,0.445637420267562,-5.9,2.6486193789821897
O=C([O-])[C@@H]1CC(=O)N(CCCCc2ccccn2)C1,0.0026999999999997,-1.530677841054001,0.6757416644094896,-7.2,3.0427007323925928
C[C@@H](C(=O)OCC(=O)N1CCN(C(=O)c2ccco2)CC1)N1C(=O)c2ccccc2C1=O,0.7919000000000003,-0.6345065350622894,0.4993736386645218,-9.0,2.754261736392218
Cc1nnc(NC(=O)[C@@H]2NN(c3ccc(F)cc3)C=CC2=O)s1,1.4003199999999996,-0.9797812231628846,0.825846809721102,-8.7,3.39668189714763
CSc1nc([O-])c(C(=O)NCCCc2nc3c(s2)CCCC3)cc1C#N,2.4466800000000006,0.0362564982323088,0.6033095104321604,-8.1,3.157932815866987
CCCN(C(=O)c1ccncc1F)C1CCC([NH3+])CC1,1.626,-0.4369657372438058,0.9108475509125752,-6.9,3.0750468393474817
COC(=O)c1cccc(CNC2(C(N)=O)CCCC2)c1,1.3608999999999998,0.3962764038509959,0.7956206368336813,-7.7,2.2252638723145157
COc1ccc(NC(=O)C2CCN(c3cc(-c4cccc(C)c4)ncn3)CC2)cc1Cl,4.969120000000005,2.960966294143659,0.6112194306380176,-9.5,2.185640782254085
COC(=O)c1ccc(NCc2cccc(Br)c2)c(F)c1F,4.126000000000002,2.529939870973566,0.8377673147321913,-8.0,2.0544722676470233
CC(C)(C)OC(=O)N1CCC[C@H](Nc2ncccn2)C1,2.2880000000000003,0.5454313624550241,0.8986467368840337,-6.8,2.6405812289481574
CS(=O)(=O)N1CCC(C(=O)NCc2ccccc2Cl)CC1,1.6278,0.9840132066756986,0.9120705553166174,-8.0,1.8901375196364132
O=C(NCCOc1ccc([N+](=O)[O-])cc1)[C@H]1COc2ccccc2C1,2.3411,0.7353530117824905,0.4942251199097314,-9.0,2.5129889224806163
CCOCCn1c(=O)[nH]c2cc(C(=O)N3CCC[NH+](C)CC3)ccc21,-0.2732999999999974,-6.022555573989447,0.7314914890125607,-7.8,3.727636863975741
Cc1cc(C(=O)CN2CCN(C(=O)c3ccco3)CC2)c(C)n1CC(F)(F)F,2.900940000000001,1.210648337242044,0.7283714294354697,-8.0,2.4422708813259995
CC(=O)N1CCC[C@H](c2ncc3c(n2)CC[NH+](CC(=O)N2CCC2)C3)C1,-0.6241999999999965,-3.4850562858559275,0.7815599653370301,-8.7,4.308824615541198
C[C@@H](CCc1cccc(F)c1)C(=O)N(C)c1ccc(S(C)(=O)=O)cc1,3.4609000000000023,1.3972318707129638,0.7897126282548675,-7.9,2.6125832663720185
CC[C@H](Oc1ccc2c(c1)[C@@H](c1ccccc1)N(C(=O)c1ccccc1)CC2)C(=O)N(C)CC,5.110200000000005,1.9918263876819624,0.496429199316664,-6.7,3.0766343126772044
C[C@H](Sc1nnc(Cc2cccs2)n1C1CC1)C(=O)Nc1ccc(Br)cc1,5.147100000000004,2.3985035413796547,0.4928443292671038,-8.1,2.758704157632506
CC[C@@H](NC(=O)c1ccc(NS(=O)(=O)c2ccc(F)c(C)c2)cc1)c1nc(C)cs1,4.580940000000004,2.0286002777816403,0.554870800243359,-9.4,2.737781552221035
Cc1ccc2c(CC(=O)N3CCN(CC(C)(C)O)CC3)c[nH]c2c1,1.93392,0.7123740082862227,0.9010539576839942,-8.1,2.2950872241966778
Cc1c(CNC(=O)CC2CCCCC2)sc2nc(-c3cccs3)cn12,5.019320000000004,2.34029676115722,0.6824628795497865,-8.4,2.7328841128889714
N#Cc1ccccc1Oc1ccc(NC(=O)C(=O)NCc2ccccc2F)cc1,3.744580000000001,2.2877008315736966,0.6504888750741811,-9.2,2.0345650141996323
Nc1ncc(CSc2cccc(Br)c2)s1,3.780100000000001,1.7411301970275688,0.8768961220907037,-6.3,2.5114175552976548
C[C@H](NC(=O)Nc1ccc(N(C)C)cc1)c1ccc2c(c1)OCCO2,3.406500000000002,1.5185831770746596,0.8945360462686439,-8.1,2.4796284132715147
Cc1c(CCC(=O)NC2CC2)c(=O)n2nc(-c3ccccc3)nc2n1Cc1ccccc1,3.1259200000000016,1.4256207171335935,0.4913756337482621,-8.5,2.3938480300213563
CCCc1cc(NC[C@]2([NH+](C)C)CCSC2)nc(C)n1,1.1696200000000003,-2.258471877245321,0.8266456662308914,-7.0,4.32955980037673
C=CCSc1nnc(NC(=O)COC)s1,1.4011,0.1372554328010897,0.4660731694662686,-5.4,2.464850701221499
CCS(=O)(=O)N1CCC(C(=O)N[C@@H](C)c2cccc(Cl)c2)CC1,2.578900000000001,0.9388792691051512,0.8792377097630348,-8.1,2.4815835032338516
COc1cccc(C2(C(=O)N3C[C@H]4C[NH+]5CCCC[C@@H]5[C@@H]4C3)CCCC2)c1,2.0325999999999995,-2.000903247519745,0.8846637984285575,-8.9,4.61706067086024
Cc1cc(C)c2nc(N(C[C@H]3CCCO3)C(=O)C3CC3)sc2c1,3.835140000000002,1.3542013323691775,0.8553127539889342,-7.5,2.8663976367926
C/C(=N/NC(=O)c1cc([N+](=O)[O-])cc([N+](=O)[O-])c1)c1ccc2ccccc2c1,3.810200000000002,2.0752696585147743,0.4100412366461246,-8.5,2.250068491408225
COCCn1ccc2ccc(NC(=O)c3cn(CC(=O)N(C)C)nn3)cc21,1.2196999999999991,-0.0413772967894656,0.6748167670921569,-7.6,2.5083186743886277
CC(C)(C)[NH2+]Cc1nc2cc(Br)ccc2o1,2.4522000000000004,-0.2323480327282293,0.9201060910122484,-6.6,3.385325748075604
c1cc(C[NH+]2CCC(NC[C@@H]3C[NH+]4CCN3CC4)CC2)ccn1,-2.198799999999994,-6.549697028229671,0.5770977174483845,-7.7,5.949782641398009
Cc1ccc(NC(=O)c2cc3ccccn3n2)cc1C,3.2034400000000014,1.8222890176806608,0.773051368034305,-8.4,2.107922273124231
CC(C)(C)[NH+](CC(=O)[O-])C[C@H]1Cc2cc(F)ccc2O1,-0.437499999999998,-3.5598029078836118,0.8141049079859278,-6.8,4.4799144557725095
C[C@@H]1C[C@@H](c2ccccc2)C[C@H]([NH+]2CCC[C@H](c3nnc4n3CCC4)C2)C1,2.9590000000000014,-1.4957139645412612,0.9075839770733491,-10.3,4.7348221162153745
C[C@H]([NH2+]C[C@@H]1CCN(S(C)(=O)=O)C1)C1CC1,-0.3701999999999992,-3.3054694044374355,0.720528761890196,-5.9,4.3068315722231425
Cc1c(CNc2nc3c(cc2C(N)=O)CCC3)cnn1C,1.32322,-0.0453397939650896,0.8868845575382754,-8.4,2.5719002045260417
C[C@@H](C#N)CNS(=O)(=O)c1cc2oc(=O)[nH]c2cc1Cl,1.2124799999999998,-0.9311157695124196,0.8793521870041123,-7.2,3.2466957893877204
Cc1ccc(-n2nnnc2S[C@@H](C)C(=O)Nc2ccc3c(c2)C(=O)c2ccccc2C3=O)cc1,3.865420000000002,1.525883033540906,0.3895365630954905,-9.1,2.7407415780925746
O=c1[nH]cccc1-c1nc(-c2cnccn2)no1,0.8818999999999999,-0.3504338026443086,0.7147871975060994,-7.4,2.569575367936764
CC1(C)CCC[C@H]1n1c(N)[nH+]c2ccccc21,2.788800000000001,-0.9160911728956418,0.8040835387424117,-7.0,4.151966768144531
CC[NH2+][C@]1(C(=O)[O-])CCC[C@@H]1CCN1C[C@H](C)OC[C@@H]1C,-0.6421999999999963,-4.484611453810343,0.7079485059922237,-6.4,5.132578745799282
Fc1ccc(/C=N/n2cnn3nnnc23)cc1,0.3420999999999999,-1.2582711798928603,0.5960357416657214,-7.5,3.0129638126097875
Cc1csc(C(=O)N2CCN(C[C@H](O)c3cccs3)CC2)c1,2.609420000000001,0.5076667873559491,0.9332795968352606,-7.5,2.859246208325896
Cc1nccn1-c1cncc(N2CC[C@H](C)[C@H](n3cc[nH+]c3)C2)n1,1.67382,-2.087120097304016,0.7349929295500233,-7.1,4.480118497338122
CC(C)(C)OC(=O)[C@@H]1CSC(=O)N1,1.1531,-0.9196606902505372,0.6495029667819061,-4.9,3.202561372964384
Cc1cc(C)c(NC(=O)CNS(=O)(=O)c2ccc([N+](=O)[O-])cc2)c(C)c1,2.4370600000000007,1.3346216664883608,0.5919351401086411,-8.2,2.068708390562561
CCc1nc2c(s1)[C@H](N(C)C(=O)c1cc(C)cc(OC)c1O)CCC2,3.8777200000000023,0.8868347979965598,0.8987322178570544,-6.7,3.281256648233125
CC(C)(C)OC(=O)N1CCC(c2c(C(=O)[O-])cnn2-c2ccccc2)CC1,2.3503,0.6605812338077033,0.8275530087564184,-6.9,2.580750577222636
O=C(COc1ccc(Oc2ccccn2)cc1)N1CCc2sccc2C1,3.8991000000000033,2.168843686663119,0.6871924500010815,-8.9,2.223732985967157
CCc1cc(NCc2ccncc2)nc(N2CCOCC2)[nH+]1,1.3018,-0.9716942196582988,0.9015372242615534,-6.8,3.33256927434652
CCN(Cc1ccc(N(C)C)cc1)C(=O)NCc1sccc1C,3.8542200000000015,2.09166896744988,0.8723976673101189,-7.0,2.2620121287430646
COCc1nc2cc(NC(=O)c3csc(C)n3)ccc2o1,2.991420000000001,1.4121629704213328,0.8014021659550452,-7.3,2.3267674665860145
C=CCN1CCN(C2CCN(S(=O)(=O)c3ccccc3CC)CC2)C(=O)C1=O,1.2588999999999997,-0.0739670800447258,0.5273163058620686,-8.4,2.558342455905265
CCc1noc(C[NH+]2CC[C@H](Cc3cccc(C(=O)[O-])c3)C2)n1,-0.3569999999999995,-3.661670600507173,0.7871522806681972,-8.3,4.611804866921338
C[C@H]1CN(C(=O)c2ccccc2C(=O)c2cccs2)C[C@@H](C)O1,3.228500000000002,0.929130126361865,0.8123594761147931,-6.4,2.867949084242479
C[NH2+]CCNc1cc(Cl)ccc1C,1.25352,-0.7398905528462543,0.7027367657111112,-5.9,3.110993596162672
C[NH+](CCCNC(=O)c1ccc(N2CCCC2=O)cc1)C1CCCCC1,1.7806999999999995,-0.8079113115426158,0.7302764999341991,-8.8,3.474714098844559
O=[N+]([O-])c1ccc(CS(=O)(=O)N2CCSc3ncccc32)cc1,2.4319000000000006,0.6969672652652483,0.6202338477561,-7.9,2.5978940925004608
COc1cc(CNC(=O)c2ccc(Cl)c(S(=O)(=O)NC3CC3)c2)ccn1,2.1143,0.9766064491849,0.7478919829461028,-8.2,2.1795833356175063
Cc1csc(Sc2ccc(C(=O)Nc3cc(C)on3)cc2[N+](=O)[O-])n1,4.059640000000003,1.9565847167003785,0.527722410905111,-8.2,2.494359807605214
CCCCc1c(C)c(C#N)c2nc3ccccc3n2c1NCC[NH+](C)C,2.5666,-0.1024005236302313,0.6884915381626324,-5.8,3.343480069021089
COc1ccccc1N1C(=O)/C(=C/c2ccc(OC)c(OC)c2OC)SC1=S,4.126800000000003,2.2373648109559148,0.5174248831617869,-6.7,2.299122929278047
COc1ccc(Cl)cc1NC(=O)N1C[C@H](C)O[C@H](c2ccccc2)C1,4.342500000000003,1.8112512810251904,0.8852091756087904,-8.2,2.7803508716389693
COc1c(Br)cccc1CNC(=O)N(C)[C@H](C)C1CC1,3.397600000000001,1.1333736777368577,0.8919114548115319,-6.8,2.795944507336438
Cc1ncc([C@H](C)[NH2+][C@H]2CCCNC2=O)s1,0.3545199999999995,-3.1946299633428623,0.8009650803517238,-5.9,4.636291751114017
COc1ccccc1-c1nnc(SCC(=O)Nc2ccc3c(c2)OCCO3)o1,3.247200000000001,1.7543967529372158,0.6313177942144451,-9.4,2.1900647679272023
Cc1nc2n(n1)CCC[C@H]2[NH2+][C@@H](C)c1nnn(-c2ccc(Cl)cc2)c1C,2.28854,-1.2978451886245068,0.7617154850430246,-8.5,4.179305072921654
CCCCC(=O)NNC(=O)c1nn(-c2ccccc2)cc1O,1.5290999999999992,0.6006588045127399,0.729721815597422,-7.8,2.1526193869634316
CCCc1ccc(C(=O)NC[C@]2(O)CCSC2)cc1,2.2369000000000003,0.2324746617586406,0.8688066738722783,-7.5,2.872023809315671
CSc1ccccc1NC(=O)NC[C@H]1CN2CCCC[C@@H]2CO1,2.783300000000001,0.3274803546942972,0.8309825826512033,-8.3,3.110872302470863
C[C@H](CCc1ccccc1)NS(=O)(=O)Cc1c(Cl)cccc1Cl,4.434100000000004,2.211443871588921,0.781420746133176,-8.0,2.4996817862008847
Cc1ccccc1Nc1nc(N2CCC([NH+]3CCCCC3)CC2)nc2c1cnn2C,2.45292,-0.3628935625007044,0.6969230958637905,-1.5,3.4946990327381915
COc1ccc([C@H]2SCC(=O)N2CCN2C(=O)CS[C@@H]2c2ccc(OC)cc2)cc1,3.5520000000000023,0.776673467988789,0.6510150910017081,-6.2,3.183547827287419
Cc1c(C)c2ccc(NC(=O)c3ccc(C#N)cc3)cc2[nH]c1=O,3.2689200000000005,1.9067064819227,0.7603276879824665,-9.2,2.0755926202931185
COC(=O)[C@]1(N)CC[C@H]([NH+](C)C)C1,-1.446099999999998,-4.914638761992062,0.5202509676224697,-5.3,5.023412166046006
C[C@H](NC(=O)c1ccc(Cl)nc1)c1nc2ccccc2[nH]1,3.1023000000000014,1.239197583031887,0.7301747141339581,-8.1,2.5356851528899895
Cn1cc(N2CCC[C@@H](NC(=O)NCCNc3ncccc3C#N)C2)cn1,1.0668799999999994,-0.8415250112523045,0.6578684789852124,-8.4,3.0871473759526467
COc1cc(-c2nc(Cc3ccc(F)cc3)no2)ccc1OCC(N)=O,2.3392,1.210806109133226,0.6964916630427807,-8.6,2.115066703600874
COc1ccc(C[NH2+][C@@H]2CCCC2(C)C)cc1[N+](=O)[O-],2.2455,-0.8630860760281944,0.6635930003849791,-6.9,3.7913925726045026
Nc1ccc(Cl)cc1SCC(=O)NC(=O)c1ccco1,2.5639000000000003,1.2318054742592652,0.6693732560210902,-7.5,2.2283718393474814
CCC(CC)(CS)CSCc1ccccc1C,4.964420000000005,2.30918710637431,0.6816452558096954,-6.1,2.7268829484526673
C[C@H]([NH2+][C@@H]1c2cccc(F)c2CC[C@H]1C)c1nnc2ccccn12,2.8164000000000016,-0.9567224926618948,0.8047776133069517,-8.1,4.20194797592907
COc1ccc(-c2n[nH]c(NCc3ccco3)nc2=O)cc1,2.0455999999999994,0.7962275008625719,0.7485036564906026,-8.2,2.2901281648790643
O=C(Nc1ccnc2ccnn12)C1(c2ccc(Cl)cc2)CC1,3.0530000000000017,1.2718454883664982,0.8083386698606155,-8.9,2.4797321483955486
Cc1nc([C@H]2CCC[NH2+]2)cc(N2CCCC2)n1,0.7835199999999996,-2.2045628768921084,0.8209773825519361,-7.2,4.059760729682992
COc1ccc(OC)c(CNC(=O)c2cnn(-c3ccccc3)c2)c1,2.819500000000001,1.772637861464369,0.7510769720161558,-8.4,1.9258127746381817
CCOC(=O)c1ccc(S(=O)(=O)/N=C(\N)Nc2nc3ccccc3o2)cc1,2.12,0.695157301096798,0.3851190677076058,-9.5,2.417801265481746
C[C@H](NC(=O)C1CC1)C(=O)N1CCN(S(=O)(=O)c2cc(C(N)=O)n(C)c2)CC1,-1.1283999999999963,-2.080298398702678,0.6108148576356042,-7.8,2.842835538658944
Cc1ccc(C[NH+](CCS(C)(=O)=O)C(C)(C)C)c(C)c1,1.53144,-1.408314866006832,0.895207153109681,-5.8,3.8306830674942285
CC(C)CNC(=S)NC(=O)c1ccc(F)cc1,2.086,1.3921162703991063,0.8115045697887983,-6.9,1.8163187557535991
Cc1cscc1-c1noc([C@]2([NH3+])CCOC2)n1,0.96402,-2.368327328547582,0.8635334199347463,-6.6,4.301535429839977
Cc1cc(S(=O)(=O)NC[C@@H]2CCO[C@@H]2c2ccccc2)c(F)cc1F,3.3293200000000027,0.6603820795664355,0.8819670174051596,-9.1,3.150950116337933
CC1(C)NC(=O)N(CCC(=O)N2CCC3(CC2)CNC(=O)c2ccccc2O3)C1=O,0.890500000000001,-4.606294209869418,0.7145206378951997,-9.9,3.223238092668538
C=CCC[C@H](C)[NH+](C)Cc1ccoc1C,1.95742,-2.1442438985952568,0.7074239602583221,-5.9,4.692920146914819
CC(=O)N1CCC[C@@H](c2ccc(N3CCOCC3)cn2)C1,1.6441,-0.0488129243266809,0.8302090518732745,-7.8,2.76163092842593
Cc1ccc(S(=O)(=O)N/N=C/c2ccc(F)cc2)cc1,2.4465200000000005,1.5802246764176056,0.6948275522867416,-8.7,1.8692347514353944
CCOCCOCC(=O)Nc1ccc2oc(C)nc2c1,2.12782,0.9740542382901765,0.7852903011335819,-6.6,2.1895854310189673
COCCn1c(C)cc(CN2CCO[C@H]3CC[C@@H](OC)C[C@@H]32)c1C,2.5196400000000008,-0.5725052814655383,0.7996828144005688,-6.9,3.70848985080611
CCC(=O)Nc1cccc(NC(=O)c2ccc(F)cc2)c1C,3.7349200000000016,2.748117935186618,0.9034590295150848,-8.5,1.6446736724452684
C[C@@H](C(=O)N1CCOCC1)N1CC[NH+](Cc2cccc(-c3ccncc3)c2)CC1,0.696400000000003,-1.7937361063073107,0.8097630606027159,-9.4,3.666156770721127
O=C1COc2ccc(C(=O)Oc3ccccc3F)cc2N1,2.3758,1.2881253417800411,0.6800563528036321,-8.4,2.0718459281244765
O=C(CSC1=NC(=O)[C@H](/C=C/c2ccccc2)N=N1)Nc1ccc(Cl)cc1,4.442100000000003,1.312992763260301,0.807429714801744,-9.1,3.254192346366848
Cc1ccccc1OCC(=O)NCCc1nc2ccccc2s1,3.342420000000001,2.174621127861598,0.7556688869299921,-8.3,1.894784778714362
CSCc1nnc(SCCc2ccccc2Cl)o1,3.9208000000000025,1.9560465003943492,0.75607773925341,-6.5,2.4139695680037487
C[C@H]1CN(Cc2ccccc2NCc2nnnn2C2CC2)C[C@@H](C)O1,2.2293000000000003,-0.1660842897438832,0.8681836654903775,-7.3,3.2002383580961755
CCc1nnc(N[C@@H](CC)c2ccc(S(C)(=O)=O)cc2)o1,2.598700000000001,0.5245253742084887,0.882512767564715,-7.4,2.8389342245080265
C[C@@H]([C@H]1CC=CS1)n1nccc1NC(=O)CC1(CC(=O)[O-])CCCCC1,2.8824000000000014,-1.0751233688684396,0.7905427917134319,-8.1,4.339194470011052
COC(=O)c1cccc(NC(=O)C(=O)NCCc2ccccc2F)c1C,2.21812,1.300823330352734,0.6340188370003136,-9.2,1.9694391048482771
O=C1C[C@@H](n2nnn(-c3ccccc3)c2=S)[C@@H]2CO[C@H]1O2,1.0536899999999998,-2.454892744802924,0.7724978021916181,-7.8,4.425993693774277
CC[C@H]([NH3+])c1nnc(-c2cscc2C)s1,2.26802,-1.3202796333941744,0.8944425413724993,-5.9,4.1860812446683315
O=C(c1cccnc1N1CCCC1)N1CCC(CCc2ccccc2)CC1,4.166800000000004,2.564714626409093,0.7999990345310244,-9.3,2.0492048079918668
CC(=O)c1ccccc1NC(=O)CNc1ccc(C(=O)Nc2ccccc2)cc1,4.192100000000002,2.927215428407172,0.5305914750732071,-9.4,1.7613904080828569
COc1cccc([C@@H](CNC(=O)/C(C#N)=C\c2ccco2)[NH+](C)C)c1,1.1971799999999997,-1.433668835853512,0.5862297739133346,-7.1,3.6572211202828147
COc1cc(C#N)ccc1OC(=O)Cc1cccc(F)c1F,2.993180000000001,1.664689853014974,0.6433170417648578,-7.4,2.117031806114877
COc1cc(OC)c(OC)cc1CNC(=O)Cc1cccc(F)c1F,2.849500000000001,1.6839759518429325,0.8334288908394926,-7.6,2.017277992029486
CCN(CC)c1ccc(C(=O)Nc2ccccc2O)c(O)c1,3.1963000000000017,1.928912028738553,0.7414608248871033,-8.0,2.0147768250303884
C[C@@H]1C(=O)NCCN1C(=O)CN1C(=O)CSc2ccccc21,0.4722000000000008,-1.0611253297425831,0.8603356331877424,-7.4,2.924175311480804
Cc1csc(C2(NCC(=O)N(CCC#N)c3ccccc3)CCCC2)n1,3.7573000000000034,1.40058975082451,0.8078490684698694,-7.8,2.7823593356175067
Cc1cccc(CSc2nc(=O)n3cccc(C)c3n2)c1,2.9986400000000017,1.4792770887300375,0.6972813285790325,-8.2,2.274957466586015
C[C@@H](O)c1cc[nH+]c(N(C)C2CCC(C)(C)CC2)c1,2.9590000000000014,-0.8817137199942462,0.910121007445204,-7.2,4.222373907935
Cc1ccc(CN2C(=O)CC[C@H]2C(=O)NCC(C)(C)c2ccccc2)cc1,3.580020000000003,1.4725603823824285,0.8516673523614466,-9.0,2.619071138020539
CCCn1c(=O)oc2cc(NC(=O)Nc3ccccc3)ccc21,3.648500000000001,2.3337452239966527,0.7718858978013786,-9.0,1.9401936191276796
Cc1cn2c3ccccc3nc2n1CCCCl,3.226320000000002,1.4179821363375291,0.6517242173542636,-6.6,2.458681024540713
C[C@@H]1CN(Cc2c[nH]nc2C(C)(C)C)C[C@@H](C(N)=O)O1,0.7818,-2.09951260325436,0.8567443148152736,-6.7,3.971083686541739
Cc1cc(C)cc(CN2C(=O)N[C@H](Cc3ccccc3)C2=O)c1,2.966540000000001,1.1915690881617669,0.8828685015644587,-8.5,2.4963900628281035
C[C@H](NC(=O)c1cnn(-c2ccccc2F)c1)c1ccc2c(c1)CC(=O)N2,2.9970000000000008,0.8394226690902868,0.7472273380403491,-9.6,2.8080288329571808
OC[C@]1([NH2+]C2CC2)CCC[C@H]([NH+]2CCCC2)C1,-0.9353999999999972,-5.869677548784425,0.5835160106332533,-6.6,6.1178476598040445
[NH3+][C@@]1(C(=O)NC[C@H]2CN3CCC[C@@H]3CO2)CCOC1,-1.6331999999999958,-4.298802178098146,0.6450893448927346,-7.2,4.4004925678807165
COc1ccc(F)cc1NC(=O)C(=O)N1CCC[C@H](n2cccn2)C1,1.833,-0.0120264274707354,0.8605475182438406,-8.2,2.8409155205304533
CN1CCO[C@@H](c2noc(-c3ccccc3O)n2)C1,1.4452999999999998,-0.5392922493138901,0.8817200335273373,-7.4,3.055236769688632
COc1ccc(C2(C(=O)NC[C@@H](c3ccc(C)cc3)[NH+](C)C)CCOCC2)cc1,2.0538199999999995,-0.6169589910504771,0.7519925336403239,-8.1,3.474367992440584
O=C(NNC(=O)c1cccc(Br)c1)Nc1ccncc1,2.3106,1.3890150366982368,0.7367128279896332,-8.6,1.9496801678610733
COc1ccc(CCC(=O)N(C)C[C@H](C)C(=O)[O-])cc1F,0.6112999999999997,-1.0326329798205247,0.7390608603834233,-7.0,2.98138625179109
C[C@H]([NH2+][C@H]1CCOC1)c1ccnc(Cl)c1,1.1483,-2.503075048840124,0.7872709172440332,-6.2,4.521293496537403
CNC(=O)[C@@H](C)CN(C)C(=O)C[C@@H](NC(C)=O)c1ccc(Cl)cc1,1.7477999999999996,-0.3116882452800146,0.7834419292756732,-7.1,3.0414074259095507
C=C(C)[C@@]1(O)CCO[C@@H](C)C1,1.4925,-1.6749689164939496,0.5827703687079926,-5.7,4.030561330895807
Cc1ccc([C@H](O)CC[NH+]2C[C@H](C)S[C@H](C)C2)cc1F,1.96632,-2.1359678749029904,0.8881491983422745,-7.2,4.825378039157394
Cc1ccc(CN2C[C@@H](C(=O)N3CCN(C(=O)c4cccc(F)c4)CC3)CC2=O)cc1,2.46722,0.7907794864189452,0.7591957581157783,-10.1,2.540162893402874
COc1cccc(CC(=O)N(C)c2ccccc2)c1,2.9007000000000014,2.132093733409236,0.8403672596140491,-7.3,1.6730874050629794
O=C(Nc1cccc(OCC(=O)N2CCCC2)c1)[C@@H]1C[C@@H]1c1ccc(Cl)cc1,4.083400000000003,1.6946439617900655,0.797016917658696,-9.0,2.726811333248861
CC(C)(CN[C@@H](c1ccco1)c1ccc(Cl)s1)S(C)(=O)=O,3.4967000000000024,0.4915617265488576,0.8684280394917557,-6.4,3.3893053958049686
Cc1sc(CNC(=O)N2CCC[C@@H](C(F)(F)F)C2)nc1-c1ccc(Cl)cc1,5.255820000000004,2.2936979168227234,0.7403019022977647,-9.5,2.909477648141996
c1ccc(C[NH+]2CC[C@@H](NCCSc3cn[nH]n3)C2)cc1,0.3438000000000004,-2.9839559837171006,0.5100782834175374,-7.6,4.454220302791262
COC(=O)[C@]1(F)CCN(C(=O)COc2ccc(C(F)(F)F)cc2)C1,2.1978,0.1252001199321725,0.6177540308566556,-8.2,2.938789839406418
CC[C@@H]1CCCCN1c1ncnc(Sc2cccc3cccnc23)c1[N+](=O)[O-],4.853100000000004,1.7689300207298324,0.3465611548120537,-8.5,3.112968735240141
Cc1nc(N2CCOCC2)sc1C(=O)NNC(=O)c1ccc(F)c(F)c1,1.6411199999999997,0.5264173616294152,0.7889369857618962,-9.0,2.2798052534257263
O=C(Nc1ccc(-c2nn3cnnc3s2)cc1)c1ccc([N+](=O)[O-])cc1,3.013300000000001,1.4807831611130573,0.4383680136252074,-8.9,2.2822362586944305
CC(C)c1nnc(NC(=O)CCC(=O)N2CCN(Cc3ccccc3)CC2)s1,2.724600000000001,1.4472482086601577,0.7717849534412478,-8.3,2.1421294677395846
CCSC[C@@H](C)N(C)C(=O)[C@@H]1CCCN(C(=O)c2ccccc2)C1,3.1388000000000016,0.6321653224564643,0.7928902898522846,-7.3,3.063569925909551
C[C@H](NC(=O)[C@@H]1CCCS1)c1ccc(-c2cccnc2)cc1,3.8214000000000015,1.232158512542511,0.9328990018811704,-7.9,2.9602551906447516
Cc1nc(C2CCCC2)sc1C(=O)Nc1ccc2c(c1)NC(=O)CO2,3.6923200000000014,1.7343752474071703,0.8777733898870395,-9.5,2.4659454669458736
CSc1ccc(C(=O)Nc2nnc(CC(C)C)s2)cn1,3.105800000000001,1.407092950743952,0.8596325553744503,-7.1,2.397596564622207
C[C@H]1C=CC[C@H]2CS(=O)(=O)C[C@@]12C,1.6333,-2.190434651468056,0.556955506731276,-5.7,4.542752705034356
CCc1nn(C)c(CC)c1CN1CCO[C@H](C(N)=O)C1,0.2310000000000011,-1.6176015914781288,0.8377841137449449,-6.3,3.24817522994716
CC(C)([C@@H](O)Cc1cc[nH+]c(N)c1)[NH+]1CCCCC1,-0.1662999999999985,-4.462161008993936,0.70779549820941,-7.3,5.3909337270708715
C[C@H]1[C@H](C)CCCN1C(=O)N[C@@H]1CCN(c2ccccc2)C1=O,2.621900000000001,0.1163649313789225,0.91190999647541,-8.4,3.193095500611368
Cc1ccccc1-c1ccnc2[nH]n(-c3ccc(Cl)cc3)c(=O)c12,4.342620000000002,2.428088580723477,0.5920199997669379,-10.3,2.265604710344533
COc1ccc(NC(C)=O)cc1NC(=O)NCc1cc2ccccc2o1,3.7215000000000016,2.283049546302337,0.6516414102320206,-8.9,2.0250086994428713
CC(C)COc1ccc(CC(=O)N[C@H]2c3ccccc3C[C@H]2O)cc1,3.038400000000002,0.897018665383831,0.850371172889474,-9.1,2.7840639810647563
CC(C)(C)C(=O)N1CCC(C(=O)Oc2ccc(N3CCCC3=O)cc2)CC1,3.0035000000000016,1.5097603899351777,0.6042324040301296,-8.4,2.2523456541457136
CC(C)CC(C)(C)C(=O)NCc1nnc2ccccn12,2.4178000000000006,0.765542391535319,0.9105537179552828,-7.1,2.532451180006822
COc1nc(C)cc(C)c1CNC(=O)Cn1cccc(C(F)(F)F)c1=O,2.20394,0.6501730249452384,0.8770875176732452,-7.4,2.5042193795735503
Cc1ccc(C(=O)NNC(=S)NC(=O)c2cc(-c3ccccc3)nc3ccccc23)cc1,4.159520000000002,2.559236839156934,0.3291779893845165,-9.7,2.0495378293524578
Cc1nc(C)c(C(=O)N(C)[C@@H]2CCC[C@@H](C)C2)o1,2.942140000000001,0.0770933317093577,0.8103653595740533,-6.3,3.4123311978329545
CC[C@@H](C)N(C(=O)CN1C(=O)NC2(CCCCC2)C1=O)[C@H]1CCS(=O)(=O)C1,1.0553,-1.7968552377424858,0.6962426456687983,-7.4,3.877729148439906
CC(=O)Nc1ccc(Nc2ncnc(Oc3ccc(C)c(C)c3)c2[N+](=O)[O-])cc1,4.495940000000003,2.5651571413100727,0.4673524690016847,-8.8,2.240476887333191
O=C(Cn1cnc2sccc2c1=O)N1N=C2/C(=C/c3ccco3)CCC[C@H]2[C@@H]1c1ccco1,4.467200000000004,0.7294037055993055,0.4479959390773463,-8.4,3.7558736470956067
COc1ccc2c(ccc[n+]2[C@@H](C)C(=O)Nc2cc(Cl)ccc2F)c1,4.1281000000000025,1.5293573277434127,0.7116398880479232,-8.3,2.8907870543487473
COc1cc(C)ccc1NC(=O)NNc1nc2ccccc2s1,3.7619200000000017,2.251215836903588,0.6374699486756217,-9.0,2.0751118009458622
O=S(=O)(/N=C(\[O-])CCc1cccc(Cl)c1)c1ccc(Cl)cc1,3.0737000000000005,1.2708160068762004,0.6099988833174089,-8.6,2.492643912041739
CC(C)Nc1cccc[n+]1C(=O)CCc1nc(C(C)C)no1,2.5738000000000003,0.2075709496646169,0.830413727270804,-7.7,3.088968249998863
Cc1nn(C)c(Oc2cccnc2)c1C[NH2+]C[C@@]1(O)CCSC1,0.8472199999999999,-2.307299522104743,0.8182761004411159,-7.4,4.18259459214494
CC[C@](C)([NH3+])C(=O)N1CC[C@H](COC)C1,-0.1080999999999994,-2.642667470021852,0.7112623543009896,-6.1,3.906260625338833
CC[C@@](C)(Nc1ccccc1Br)C(=O)[O-],1.7795999999999996,-0.4725995019628374,0.9077083308380608,-6.0,3.194220420492506
O=C(CCCn1ccnn1)N1CCN(Cc2cn3cc(Cl)ccc3n2)CC1,1.7037999999999998,0.1334890866900538,0.6434529523619884,-8.5,2.6442408595984883
Cc1ccc(O)c(S(=O)(=O)Nc2ccc(Cl)c([N+](=O)[O-])c2)c1,3.0630200000000016,1.7104563210119352,0.6550758091471804,-7.9,2.119499106860811
COc1cccc(C[NH2+][C@@H](C)c2ccc(Cl)cc2)c1,3.1732000000000014,0.5492747823972435,0.8917939967299414,-7.6,3.1527802195720813
Cc1cc(NC(=O)COc2ncnc3sccc23)no1,2.00522,0.5676955354144393,0.7900630058192472,-7.7,2.457351073906027
CCn1nc(CC(C)C)cc1C(=O)N[C@H]1CC[NH+](Cc2ccccc2)C1,1.688700000000001,-1.6178359441435466,0.7940969223174217,-8.2,4.097115052131635
COc1ccc(CC(=O)NCC#CCOc2cccc3ccccc23)cc1,3.589500000000003,2.0639024185506334,0.68443288461568,-9.8,2.1310533230843696
NC(=O)N/N=C1\CCCC[C@@H](O)CCC1,1.1158999999999992,-11.597312845184153,0.5697227966533257,-6.4,3.382600799104173
C[C@@H](CNC(=O)Nc1ccccn1)CC1(C)OCCO1,1.9923,-0.2348546794951156,0.864292111101226,-7.2,3.119641538375573
COc1ccccc1[C@@H](NC(=O)N(C)Cc1cnccn1)C(C)(C)C,3.4140000000000024,0.958630694309094,0.903995187942172,-7.2,2.951334909102691
CCc1ccc([C@H](C)NC(=O)[C@@H](C)SCc2cc(C)on2)cc1,4.044520000000003,1.392884432942755,0.8310408343187686,-8.1,2.956023769893367
C=CCn1cc2c3c(cccc31)[C@H](CC(C)C)N[C@H](C(=O)NCCC)C2,3.955000000000002,-20.279712485210844,0.7403804488908792,-8.1,3.5721132920997363
Cc1ccc(-c2nnco2)cc1NC(=O)/C=C/c1ccc(I)o1,3.8945200000000018,1.6351408396491578,0.5108220844253987,-8.4,2.6664978149318745
COc1ccccc1[C@@H](CNC(=O)N(C)Cc1nccs1)[NH+]1CCCC1,1.7130999999999996,-1.496610806815577,0.7746561372464179,-7.1,4.010146714229174
O=C1CSc2ccccc2N1CCC(=O)N1CCO[C@H]2CCC[C@H]21,2.2953,-0.1620666763645932,0.8426143450993184,-8.7,3.2353136621732865
CCn1c(CSc2nc(C)cc(C)c2C#N)nc2cc(S(=O)(=O)N3CCCCC3)ccc21,4.406620000000004,2.071443931841624,0.4967986028656898,-8.0,2.600526357780552
Cc1cc(NC(=O)CSc2nnnn2-c2c(C)cccc2C)n([C@@H]2CCS(=O)(=O)C2)n1,1.87446,-0.3868516374289183,0.55178627369184,-7.1,3.1778868806225518
CC(=O)O[C@@H]1CC[C@@]2(C)[C@@H](CC[C@@H]3[C@@H]4CC[C@H]([C@H](C)O)[C@@]4(C)CC(=O)[C@H]32)C1,4.136800000000004,-0.2969035651292892,0.7359369125373992,-7.2,4.420060681172741
COCCCNC(=O)c1ccc2cnn(Cc3cccc(Cl)c3)c2c1,3.504300000000001,2.063642345693478,0.6582585062004223,-8.3,2.081662774638181
Cc1ccc(C2=NN(C(=O)c3ccc(Cl)cc3)[C@@H](c3ccco3)C2)cc1,5.2329200000000045,2.659395601130404,0.6381336806014811,-4.1,2.590930714229172
COC(=O)c1c(NC(=O)CCC(=O)[O-])sc2c1CCCCCC2,1.6622999999999994,-6.755119081042468,0.8239032951043584,-6.9,2.56272895566614
CCC(CC)[NH+](C)Cc1cnc(N)s1,0.9285999999999996,-2.940866750501754,0.7655537663770869,-5.4,4.7587569359637225
Cc1cccc(-c2nnc(-c3ccc(C(=O)N(Cc4ccccc4)C4CC4)cc3)o2)c1,5.5168200000000045,3.450855054644766,0.4208624736886069,-10.6,2.0956744728331653
CCCN1CCC[C@@]2(CC[NH+](Cc3ncccn3)C2)C1=O,0.2840000000000013,-3.551612560123925,0.8663060433640134,-7.2,4.8931713290339856
O=C(Nc1ccc(Oc2ncccn2)cc1)N1CCCC[C@@H]1CO,2.647600000000001,0.8135861970814606,0.9006883500866519,-8.6,2.62615433644784
CCC(=O)N[C@H]1CCCN(C(=O)C(=O)Nc2ccnn2C(C)(C)C)C1,1.0937999999999994,-0.9218490319722265,0.7986395085650068,-7.7,3.169860415693286
CCCSc1nc2scc(-c3cccs3)c2c(=O)n1CC,4.708500000000004,2.458264607186998,0.4998391765008799,-6.7,2.4534528512013996
CC(C)CCC[C@@H](C)NC(=O)N1CC[C@H]([N+]2=CCCC2)C1,2.8622000000000014,-0.7248637890676333,0.7512413298062,-7.1,4.035104340787164
Cc1ccc(NC(=O)CCNC(=O)Cc2ccccc2)cc1Cl,3.3359200000000016,2.4595248050230727,0.8531199621424884,-8.6,1.6532178794827104
COC(=O)[C@H]1CN(Cc2cnc(N(C)C)s2)C[C@H]1C,1.45,-0.9902275613819064,0.7827202252048743,-5.5,3.434326597988429
Cc1nn(C(F)F)cc1S(=O)(=O)N1CCC(c2nnc3n2CCCCC3)CC1,2.4728200000000005,-3.114942352341727,0.7672467850127526,-9.3,2.8998511668632467
CSCCCN1C(=O)C(=O)N(CCc2cccs2)C1=O,1.8345,0.4145752358316835,0.4377867617992902,-6.2,2.485744641545283
COC[C@@H](O)C[NH+]1CCC(NC(=O)N2[C@@H](C)C[C@@H]3CCCC[C@@H]32)CC1,0.4036000000000026,-3.4157282270053115,0.6697221914158914,-8.2,4.849398436113188
COC(=O)C1=C(C)NC2=C(C(=O)CCC2)[C@H]1c1cc(Cl)c(O)c(OC)c1,3.195100000000002,0.7913591857499085,0.7867496611739268,-4.6,2.963486406536866
COc1ccc(C[C@H](C)[NH+]2CCN(c3ccccc3)CC2)cc1,2.0313,-0.5020374819271594,0.9098568223458284,-8.3,3.365341580977004
CCN(CC)C(=O)[C@@H]1CCC[NH+](Cc2nc(-c3cccs3)oc2C)C1,2.374820000000001,-1.3436646791751483,0.858324944441406,-7.8,4.267782724293357
CCN(C(=O)c1ccc(CN2CCCC2=O)cc1)c1ccc(C)cc1C,4.092540000000004,2.44210367309244,0.8146993279923971,-8.3,2.108298825606969
Cc1ccc(NC(=O)NC[C@H](C)C#N)c(F)c1,2.4153,0.7490270583584713,0.8445039301612922,-6.6,2.5447793517565707
C[C@]1(C(=O)NNc2ccc(C(F)(F)F)cc2[N+](=O)[O-])CC1(Cl)Cl,3.640600000000001,0.889787848736773,0.4802721316039793,-8.8,3.140729154193062
CCOc1ccccc1C=NNc1nccs1,2.987800000000001,1.5998188302678222,0.6523321630098321,-7.0,2.1680410433790183
O=C(N[C@@H]1CCCC[NH2+]C1)c1csc(I)c1,1.1984,-5.748291062053039,0.7731936759521024,-6.7,4.355629807137257
COC(=O)CCNC(=O)c1ccc(NC(=O)c2ccccc2F)cc1,2.3709000000000007,1.7286893132564451,0.7881442027926633,-8.3,1.7012956317810364
Oc1ccc(C[NH+]2CCC[C@H]2C[C@@H](O)c2ccco2)c(O)c1,1.3618,-2.5285664962416345,0.6725136681962774,-7.8,4.666878949574924
O=C(OCc1ccccc1)N1CC[C@H](Cn2c(CO)nc3cccnc32)C1,2.582300000000001,0.6009981937980486,0.7506466553871091,-8.2,2.7655606783270006
Cc1ccc2ncc(C[NH+]3CCC([C@H](O)c4ccc(Cl)cc4)CC3)n2c1,2.824620000000001,-0.6883467585076493,0.7411744325686888,-9.4,3.982746098844558
CCOC(=O)c1c(NC=[N+](C)C)c2cc(OC)ccc2n1C,2.0759,0.1631419743805495,0.3975808933622476,-5.9,2.8361472033406034
CCCOc1ccc(NC(=O)N2CCN(c3cccc[nH+]3)CC2)cc1Cl,3.297000000000001,0.9016304011409676,0.8718316278526269,-9.0,2.9307845663867376
Nc1c(NNC(=O)c2ccncc2)ncnc1N1CC[NH+](Cc2ccccc2)CC1,0.1158000000000001,-1.802756943763323,0.4307987147091046,-9.8,3.335631899871059
C=CCNC(=O)[C@@H](C)S[C@H](C)c1cccs1,3.233000000000001,0.2314334906620413,0.790723377450609,-5.6,3.4528709119531795
Fc1cccc(F)c1NC(=S)NC1CCCCC1,3.5839000000000016,2.206859776166588,0.8031704373292261,-7.3,2.00847967938558
CN(C[C@@H]1CCC[NH+]1CCN1CCCC1=O)C(=O)OC(C)(C)C,0.5230000000000017,-2.8645721411564,0.8014754805735016,-6.9,4.4589208509373215
Cc1cc(C(=O)CCC(=O)N[C@H](C#N)c2ccccc2C)c(C)s1,4.017340000000004,1.4698297497535735,0.8075558089788349,-7.6,2.8759792315527335
COc1ccccc1CN1C[C@@H]2C[C@@H](c3cnn(-c4ccccc4)c3)[NH+]3CCC[C@@]23C1=O,2.4018000000000006,-2.108751810703322,0.6777856932173983,-9.0,4.922038010808375
O=C(Nc1cccc(Oc2ccccc2)c1)C1CCN(C(=O)c2ccc(F)cc2)CC1,5.108900000000004,3.451028083545664,0.6265177642474232,-11.0,1.8580190882177838
CS[C@H]1CC[C@@H](NC(=O)CCNS(=O)(=O)c2ccccc2)C1,1.7552999999999992,-0.2365172771976925,0.7915911446034443,-7.4,2.983036161488423
COc1ccc(OC)c(NC(=O)C2=C(C)NC(=O)N[C@@H]2c2ccc(O)cc2)c1,2.676,0.825995772615818,0.6347571945817166,-6.9,2.632333100789122
C[C@@H]1N[C@]2(C(=O)Nc3ccccc32)[C@@H]2C(=O)N(c3cccc(F)c3)C(=O)[C@@H]12,1.7705999999999995,-1.421339679861707,0.7553360024328244,-9.6,3.980804301918994
CC(=O)N[C@H]1CCCN(C(=O)c2ccccc2-c2nc(C(C)(C)C)no2)C1,2.7748000000000017,0.6732081671598009,0.8974213916708405,-4.1,2.8173767250650723
CCn1cc([C@@H]2C[C@H](C(=O)NCc3ccco3)N(C)S(=O)(=O)N2)c(C)n1,0.7004200000000005,-1.920085436163087,0.7923250757459466,-7.0,3.7739493036908858
O=S(=O)(c1ccc(Cl)cc1F)N1CCC(c2nc3ccccc3[nH]2)CC1,3.923700000000003,2.1793315387484293,0.7328737871533574,-10.0,2.229303086137257
CCOC(=O)c1cnc(SCc2ccc(C)cc2)nc1N,2.83622,1.6003129116979171,0.5196785979814412,-7.6,2.0793713909667204
NC(=O)CC[C@H](C(=O)[O-])N1CCOC1=O,-2.1773999999999987,-3.852308626630264,0.5599178837042634,-5.8,3.7109865743386603
COc1ccc([C@@H](NC(=O)c2ccc3c(c2)nnn3C)C2CCOCC2)cc1,2.874600000000001,0.7240026262340304,0.7363770790809913,-7.3,2.83309181216322
C[NH+](C)CC[C@@H]1CN(C(=O)c2ccc(Cl)s2)CCO1,0.7771000000000006,-1.964737350716008,0.8917139262573195,-6.2,3.85586289978495
C[C@H](c1ccccn1)N(C(=O)c1cc(=O)c2ccccc2o1)C1CC1,3.5538000000000025,1.205957738046613,0.7317620406799332,-8.1,2.8263127036290445
CNC(=O)c1cccnc1NCc1cc(C#N)ccc1F,2.06408,0.9136280968131728,0.900551391210007,-7.4,2.2029048981375148
CCC[C@@H]1[C@@H](C)CCCN1C(=O)NCCC(=O)N(C)C,2.0749,-0.3130671580033412,0.8395699927115386,-6.2,3.2330118916699444
C[NH2+]Cc1ccc(OCc2ccc(F)cc2)c(OC)c1,2.1065,0.5978231919037238,0.8767042029103475,-7.5,2.4911765241363764
CCCC(=O)Nc1ccc(C2=NNC(=O)[C@H]3C[C@@H]23)cc1,1.8952,-0.2557877033877258,0.8775986267488429,-7.6,3.0805759942340467
CCCN(C)C(=O)C[C@@](C)(C(=O)[O-])c1ccccc1,0.9526999999999995,-0.9521522734999252,0.7666645099922961,-5.9,3.1129963583352778
CCCCn1nnnc1CSc1ccc(N)c(F)c1,2.4868,0.8930774561411412,0.6504420651900706,-7.2,2.4661848409604143
C[C@H](S[C@@H]1CCN(c2sccc2C#N)C1=O)[C@@H](C)O,2.22758,-1.5606037322502049,0.9251091290884724,-6.1,4.363111002522997
O=C(c1nccc2ccccc12)N1CCn2ncnc2C1,1.4823000000000002,0.0828333283812144,0.6766043651503855,-7.5,2.5575503201840313
C[C@@H]1C[C@H](NC(=O)N2CC[NH+](CC3CC3)CC2)C(=O)N1c1ccccc1,0.5005000000000026,-2.62461374380018,0.824581931042122,-8.0,4.245549563566145
CC(=O)Nc1ccc(OC(=O)c2cccc(C(F)(F)F)c2)cc1,3.883000000000002,2.6913714276849583,0.6886777999169729,-8.4,1.7782540586881197
C[NH+]1CCN(C(C)(C)C(=O)NCC2(c3ccc(F)cc3)CCC2)CC1,0.9725000000000013,-1.4748253467879742,0.8321105752967205,-8.7,3.5607509017284817
CC[C@H](C)c1ccccc1OC(=O)c1ccc(CNC(C)=O)cc1,4.055400000000002,2.1490468830901035,0.6435952912655049,-8.1,2.3312610184225804
COC(=O)c1ccc(/C=C2\SC(=S)N(NC(=O)c3ccncc3)C2=O)cc1,2.4144000000000005,1.0035778786375722,0.4797694001436329,-8.2,2.331805718923043
CC1(C)CN(C(=O)c2ccc(CSc3ncn[nH]3)cc2)CCS1,3.0646000000000013,0.9940010488020417,0.8605859466894975,-7.9,2.718376835910897
Cc1cc(F)cc2[nH]c(C(=O)N3CC[C@@H](C)[C@H](O)C3)cc12,2.4583200000000005,0.0246263098524391,0.8473709705048578,-8.4,3.1744168166222595
CC[C@H](NC(=O)CCc1ccccc1C)C(=O)OC,1.99542,0.7573578919021737,0.7985837205258709,-6.8,2.293351718585889
CCOc1ccc([C@H]2CCCN2C(=O)/C=C/c2cn(Cc3ccccc3)nn2)cc1,4.102000000000003,1.6314514564886604,0.5584004871051713,-7.7,2.7903819987624434
CC[NH+](CC(=O)Nc1sc(C)c(C)c1C#N)CC(=O)NC(C)C,0.6045200000000006,-2.241502184468457,0.6810643296829496,-6.2,3.986367938470745
O=C(CN1C(=O)CSc2ccc(C(=O)N3CCCC3)cc21)Nc1ccccn1,2.3950000000000005,1.031053848002281,0.8581352676945628,-8.1,2.297578484833604
O=C(NCCSCc1ccco1)c1ccc(Cl)cc1Cl,4.249600000000003,2.5756568216590807,0.8053338655589299,-7.3,2.0882825970108705
C[C@H](Cc1ccccc1)OC(=O)[C@@H]1CCCN(C(=O)c2ccncc2)C1,3.108200000000002,0.9284098493298722,0.77600659724737,-9.1,2.798505688306271
CON(C)Cn1nnn(C(C)(C)C)c1=S,1.01479,-1.5131104761350644,0.5738523234802116,-4.6,3.6173272016441533
COc1ccc(S(=O)(=O)N(C)C)cc1C(=O)Nc1ccc(F)cc1,2.3369,1.6177717473683446,0.89611595140524,-7.3,1.7740716205580664
O=C1CN([C@@H]2CC[NH+]3CCC[C@@H]23)C(=O)N1,-1.6421999999999977,-5.529469289900844,0.5099324962575831,-6.6,5.42237432325444
CCN(C(=O)[C@H]1C=C2C(=O)[NH+]=c3ccc(C)cc3=C2S1)c1cccc(C)c1,0.7469400000000006,-2.369976798063382,0.8588317341701401,-8.3,4.176517494295842
CCC[C@@H]1C[C@@H]1NC(=O)N[C@@H](C)c1noc(Cc2ccccc2)n1,3.209200000000002,0.2350478705047908,0.8176745851003671,-8.1,3.4359968053605083
